[Licensing::Module] Trying to connect to existing licensing client channel...
Built from '6000.3/staging' branch; Version is '6000.3.13f1 (8c4f11e4fb20) revision 9195281'; Using compiler version '194234433'; Build Type 'Release'
[Licensing::IpcConnector] Successfully connected to: "LicenseClient-annne" at "2026-08-16T19:10:59.1335757Z"
OS: 'Windows 10  (10.0.19045) 64bit Professional' Language: 'ru' Physical Memory: 32597 MB
BatchMode: 1, IsHumanControllingUs: 0, StartBugReporterOnCrash: 0, Is64bit: 1
System  architecture: x64
Process architecture: x64
Date: 2026-08-16T19:10:59Z

COMMAND LINE ARGUMENTS:
D:\ProgramFiles\6000.3.13f1\Editor\Unity.exe
-adb2
-batchMode
-noUpm
-name
AssetImportWorker3
-projectPath
E:/unitygames/TEST/Rep/VillageAdventure/PixelVillageAdventure
-logFile
Logs/AssetImportWorker3.log
-srvPort
25933
-licensingIpc
LicenseClient-annne
-job-worker-count
9
-background-job-worker-count
8
-gc-helper-count
1
-name
AssetImport
Successfully changed project path to: E:/unitygames/TEST/Rep/VillageAdventure/PixelVillageAdventure
E:/unitygames/TEST/Rep/VillageAdventure/PixelVillageAdventure
[UnityMemory] Configuration Parameters - Can be set up in boot.config
    "memorysetup-temp-allocator-size-nav-mesh-worker=65536"
    "memorysetup-temp-allocator-size-audio-worker=65536"
    "memorysetup-temp-allocator-size-gfx=262144"
    "memorysetup-allocator-temp-initial-block-size-main=262144"
    "memorysetup-allocator-temp-initial-block-size-worker=262144"
    "memorysetup-temp-allocator-size-background-worker=32768"
    "memorysetup-temp-allocator-size-job-worker=262144"
    "memorysetup-temp-allocator-size-preload-manager=33554432"
    "memorysetup-temp-allocator-size-gi-baking-worker=262144"
    "memorysetup-temp-allocator-size-gi-baking-worker=262144"
    "memorysetup-temp-allocator-size-gi-baking-worker=262144"
    "memorysetup-temp-allocator-size-gi-baking-worker=262144"
    "memorysetup-temp-allocator-size-gi-baking-worker=262144"
    "memorysetup-bucket-allocator-granularity=16"
    "memorysetup-bucket-allocator-bucket-count=8"
    "memorysetup-bucket-allocator-block-size=33554432"
    "memorysetup-bucket-allocator-block-count=8"
    "memorysetup-main-allocator-block-size=16777216"
    "memorysetup-thread-allocator-block-size=16777216"
    "memorysetup-gfx-main-allocator-block-size=16777216"
    "memorysetup-gfx-thread-allocator-block-size=16777216"
    "memorysetup-cache-allocator-block-size=4194304"
    "memorysetup-typetree-allocator-block-size=2097152"
    "memorysetup-profiler-bucket-allocator-granularity=16"
    "memorysetup-profiler-bucket-allocator-bucket-count=8"
    "memorysetup-profiler-bucket-allocator-block-size=33554432"
    "memorysetup-profiler-bucket-allocator-block-count=8"
    "memorysetup-profiler-allocator-block-size=16777216"
    "memorysetup-profiler-editor-allocator-block-size=1048576"
    "memorysetup-temp-allocator-size-main=16777216"
    "memorysetup-job-temp-allocator-block-size=2097152"
    "memorysetup-job-temp-allocator-block-size-background=1048576"
    "memorysetup-job-temp-allocator-reduction-small-platforms=262144"
    "memorysetup-temp-allocator-size-cloud-worker=32768"
Player connection [31868]  Target information:

Player connection [31868]  * "[IP] 192.168.56.1 [Port] 0 [Flags] 2 [Guid] 1952442397 [EditorId] 1952442397 [Version] 1048832 [Id] WindowsEditor(7,DESKTOP-BESUJVN) [Debug] 1 [PackageName] WindowsEditor [ProjectName] Editor" 

Player connection [31868]  * "[IP] 192.168.96.1 [Port] 0 [Flags] 2 [Guid] 1952442397 [EditorId] 1952442397 [Version] 1048832 [Id] WindowsEditor(7,DESKTOP-BESUJVN) [Debug] 1 [PackageName] WindowsEditor [ProjectName] Editor" 

Player connection [31868]  * "[IP] 192.168.113.1 [Port] 0 [Flags] 2 [Guid] 1952442397 [EditorId] 1952442397 [Version] 1048832 [Id] WindowsEditor(7,DESKTOP-BESUJVN) [Debug] 1 [PackageName] WindowsEditor [ProjectName] Editor" 

Player connection [31868]  * "[IP] 192.168.1.104 [Port] 0 [Flags] 2 [Guid] 1952442397 [EditorId] 1952442397 [Version] 1048832 [Id] WindowsEditor(7,DESKTOP-BESUJVN) [Debug] 1 [PackageName] WindowsEditor [ProjectName] Editor" 

Player connection [31868] Host joined multi-casting on [225.0.0.222:54997]...
Player connection [31868] Host joined alternative multi-casting on [225.0.0.222:34997]...
JobSystem: Creating JobQueue using job-worker-count value 9
Input System module state changed to: Initialized.
[Physics::Module] Initialized fallback backend.
[Physics::Module] Id: 0xdecafbad
Library Redirect Path: Library/
[Physics::Module] Selected backend.
[Physics::Module] Name: PhysX
[Physics::Module] Id: 0xf2b8ea05
[Physics::Module] SDK Version: 4.1.2
[Physics::Module] Integration Version: 1.0.0
[Physics::Module] Threading Mode: Multi-Threaded
Refreshing native plugins compatible for Editor in 7.56 ms, found 5 plugins.
Preloading 0 native plugins for Editor in 0.00 ms.
Initialize engine version: 6000.3.13f1 (8c4f11e4fb20)
[Subsystems] Discovering subsystems at path D:/ProgramFiles/6000.3.13f1/Editor/Data/Resources/UnitySubsystems
[Subsystems] Discovering subsystems at path E:/unitygames/TEST/Rep/VillageAdventure/PixelVillageAdventure/Assets
GfxDevice: creating device client; kGfxThreadingModeNonThreaded
Direct3D:
    Version:  Direct3D 11.0 [level 11.1]
    Renderer: NVIDIA GeForce RTX 4060 Ti (ID=0x2803)
    Vendor:   NVIDIA
    VRAM:     7949 MB
    Driver:   32.0.15.6614
Initialize mono
Mono path[0] = 'D:/ProgramFiles/6000.3.13f1/Editor/Data/Managed'
Mono path[1] = 'D:/ProgramFiles/6000.3.13f1/Editor/Data/MonoBleedingEdge/lib/mono/unityjit-win32'
Mono config path = 'D:/ProgramFiles/6000.3.13f1/Editor/Data/MonoBleedingEdge/etc'
Using monoOptions --debugger-agent=transport=dt_socket,embedding=1,server=y,suspend=n,address=127.0.0.1:56368
Begin MonoManager ReloadAssembly
Registering precompiled unity dll's ...
Register platform support module: D:/ProgramFiles/6000.3.13f1/Editor/Data/PlaybackEngines/WebGLSupport/UnityEditor.WebGL.Extensions.dll
Register platform support module: D:/ProgramFiles/6000.3.13f1/Editor/Data/PlaybackEngines/WindowsStandaloneSupport/UnityEditor.WindowsStandalone.Extensions.dll
[Licensing::Module] Licensing is not yet initialized.
[Licensing::Client] Error: HandshakeResponse reported an error:
	ResponseCode: 505
	ResponseStatus: Unsupported protocol version '1.18.1'.
[Licensing::Module] Error: Failed to handshake to channel: "LicenseClient-annne"
[Licensing::IpcConnector] LicenseClient-annne channel disconnected successfully.
[Licensing::IpcConnector] Successfully connected to: "LicenseClient-annne-6000.3.13" at "2026-08-16T19:11:01.4452716Z"
[Licensing::Client] Handshaking with LicensingClient:
  Version:                 1.18.1+9fbee8e
  Session Id:              f099f83820954d599f44693fb0d47da0
  Correlation Id:          1b21e80abeb84646f74247c5aa0bde12
  External correlation Id: 6102307580606721347
  Machine Id:              IDPt3QV2HiQNdt/8ISWN6CMV7UQ=
[Licensing::Module] Successfully connected to LicensingClient on channel: "LicenseClient-annne-6000.3.13" (connect: 0.00s, validation: 0.00s, handshake: 1.25s)
[Licensing::IpcConnector] Successfully connected to: "LicenseClient-annne-6000.3.13-notifications" at "2026-08-16T19:11:02.6929753Z"
[Licensing::Module] Licensing Background thread has ended after 3.56s
[Licensing::Module] Licensing is initialized (took 1.48s).
[Licensing::Client] Successfully resolved entitlement details
[Licensing::Module] License group:
  Id: F4-FDX7-899P-3D7X-9PB8-XXXX
  Product: Unity Personal
  Type: ULF
  Expiration: Unlimited
[Licensing::Module] License group:
  Id: 7972062332293-UnityPersXXXX
  Product: Unity Personal
  Type: Assigned
  Expiration: Unlimited
Register platform support module: D:/ProgramFiles/6000.3.13f1/Editor/Data/PlaybackEngines/AndroidPlayer/UnityEditor.Android.Extensions.dll
Registered in 1.485185 seconds.
- Loaded All Assemblies, in  2.259 seconds
Native extension for Android target not found
Native extension for WindowsStandalone target not found
Native extension for WebGL target not found
Package Manager log level set to [2]
[Package Manager] Failed to launch server process. Reason: Unity was launched with the -noUpm command-line argument
[Package Manager] Unable to send message (not connected to server process).
[Package Manager] Cannot connect to Unity Package Manager local server
ScheduleIndexationOnStartup MainProcess:False IndexOnStartup:True
Mono: successfully reloaded assembly
- Finished resetting the current domain, in  0.646 seconds
Domain Reload Profiling: 2905ms
	BeginReloadAssembly (345ms)
		ExecutionOrderSort (0ms)
		DisableScriptedObjects (0ms)
		BackupInstance (0ms)
		ReleaseScriptingObjects (0ms)
		CreateAndSetChildDomain (1ms)
	RebuildCommonClasses (63ms)
	RebuildNativeTypeToScriptingClass (24ms)
	initialDomainReloadingComplete (1550ms)
	LoadAllAssembliesAndSetupDomain (276ms)
		LoadAssemblies (345ms)
		RebuildTransferFunctionScriptingTraits (0ms)
		AnalyzeDomain (269ms)
			TypeCache.Refresh (267ms)
				TypeCache.ScanAssembly (247ms)
			BuildScriptInfoCaches (0ms)
			ResolveRequiredComponents (1ms)
	FinalizeReload (647ms)
		ReleaseScriptCaches (0ms)
		RebuildScriptCaches (0ms)
		SetupLoadedEditorAssemblies (572ms)
			LogAssemblyErrors (0ms)
			InitializePlatformSupportModulesInManaged (103ms)
			SetLoadedEditorAssemblies (8ms)
			BeforeProcessingInitializeOnLoad (136ms)
			ProcessInitializeOnLoadAttributes (200ms)
			ProcessInitializeOnLoadMethodAttributes (125ms)
			AfterProcessingInitializeOnLoad (0ms)
			EditorAssembliesLoaded (0ms)
		ExecutionOrderSort2 (0ms)
		AwakeInstancesAfterBackupRestoration (0ms)
========================================================================
Worker process is ready to serve import requests
Import Worker Mode flag is 0x00
Begin MonoManager ReloadAssembly
[Licensing::Client] Successfully resolved entitlement details
[Licensing::Module] License group:
  Id: F4-FDX7-899P-3D7X-9PB8-XXXX
  Product: Unity Personal
  Type: ULF
  Expiration: Unlimited
[Licensing::Module] License group:
  Id: 7972062332293-UnityPersXXXX
  Product: Unity Personal
  Type: Assigned
  Expiration: Unlimited
- Loaded All Assemblies, in  1.326 seconds
Refreshing native plugins compatible for Editor in 4.11 ms, found 5 plugins.
Native extension for Android target not found
Native extension for WindowsStandalone target not found
Native extension for WebGL target not found
[Package Manager] Failed to launch server process. Reason: Unity was launched with the -noUpm command-line argument
[Package Manager] Unable to send message (not connected to server process).
[Package Manager] Cannot connect to Unity Package Manager local server
Refreshing native plugins compatible for Editor in 4.60 ms, found 5 plugins.
[Package Manager] Failed to launch server process. Reason: Unity was launched with the -noUpm command-line argument
[Package Manager] Unable to send message (not connected to server process).
[Package Manager] Cannot connect to Unity Package Manager local server
ScheduleIndexationOnStartup MainProcess:False IndexOnStartup:True
Mono: successfully reloaded assembly
- Finished resetting the current domain, in  1.456 seconds
Domain Reload Profiling: 2781ms
	BeginReloadAssembly (254ms)
		ExecutionOrderSort (0ms)
		DisableScriptedObjects (8ms)
		BackupInstance (0ms)
		ReleaseScriptingObjects (0ms)
		CreateAndSetChildDomain (36ms)
	RebuildCommonClasses (57ms)
	RebuildNativeTypeToScriptingClass (21ms)
	initialDomainReloadingComplete (52ms)
	LoadAllAssembliesAndSetupDomain (941ms)
		LoadAssemblies (646ms)
		RebuildTransferFunctionScriptingTraits (0ms)
		AnalyzeDomain (447ms)
			TypeCache.Refresh (294ms)
				TypeCache.ScanAssembly (269ms)
			BuildScriptInfoCaches (132ms)
			ResolveRequiredComponents (15ms)
	FinalizeReload (1457ms)
		ReleaseScriptCaches (0ms)
		RebuildScriptCaches (0ms)
		SetupLoadedEditorAssemblies (1227ms)
			LogAssemblyErrors (0ms)
			InitializePlatformSupportModulesInManaged (13ms)
			SetLoadedEditorAssemblies (8ms)
			BeforeProcessingInitializeOnLoad (326ms)
			ProcessInitializeOnLoadAttributes (627ms)
			ProcessInitializeOnLoadMethodAttributes (249ms)
			AfterProcessingInitializeOnLoad (4ms)
			EditorAssembliesLoaded (0ms)
		ExecutionOrderSort2 (0ms)
		AwakeInstancesAfterBackupRestoration (15ms)
Launched and connected shader compiler UnityShaderCompiler.exe after 0.02 seconds
Refreshing native plugins compatible for Editor in 1.88 ms, found 5 plugins.
Preloading 0 native plugins for Editor in 0.00 ms.
Unloading 16 Unused Serialized files (Serialized files now loaded: 0)
Unloading 7263 unused Assets / (3.5 MB). Loaded Objects now: 8073.
Memory consumption went from 164.9 MB to 161.5 MB.
Total: 9.890100 ms (FindLiveObjects: 0.579100 ms CreateObjectMapping: 0.509500 ms MarkObjects: 6.243300 ms  DeleteObjects: 2.556600 ms)

========================================================================
Received Import Request.
  Time since last request: 44010.153791 seconds.
  path: Packages/com.unity.render-pipelines.core/Runtime/RenderPipelineResources/Mesh/BackgroundMesh.fbx
  artifactKey: Guid(b9ae429aca254fa41966db24b9e53232) Importer(815301076,1909f56bfc062723c751e8b465ee728b)
Start importing Packages/com.unity.render-pipelines.core/Runtime/RenderPipelineResources/Mesh/BackgroundMesh.fbx using Guid(b9ae429aca254fa41966db24b9e53232) Importer(815301076,1909f56bfc062723c751e8b465ee728b) (PreviewImporter) -> (artifact id: '4f78d39e83e168e548046ecd7bae6413') in 0.8866915 seconds
Number of updated asset objects reloaded before import = 0Number of asset objects unloaded after import = 7

========================================================================
Received Import Request.
  Time since last request: 0.000044 seconds.
  path: Assets/Cainos/Pixel Art Platformer - Village Props/Tileset Palette/TP Ground/TX Tileset Ground_12.asset
  artifactKey: Guid(ad1654d7c7b4f0841ab6333b8ef09583) Importer(815301076,1909f56bfc062723c751e8b465ee728b)
Start importing Assets/Cainos/Pixel Art Platformer - Village Props/Tileset Palette/TP Ground/TX Tileset Ground_12.asset using Guid(ad1654d7c7b4f0841ab6333b8ef09583) Importer(815301076,1909f56bfc062723c751e8b465ee728b) (PreviewImporter) -> (artifact id: '5856c3138a6e707dd66100c323ed34ae') in 0.0262993 seconds
Number of updated asset objects reloaded before import = 0Number of asset objects unloaded after import = 3

========================================================================
Received Import Request.
  Time since last request: 1.339739 seconds.
  path: Assets/Cainos/Pixel Art Platformer - Village Props/Tileset Palette/TP Ground/TX Tileset Ground_21.asset
  artifactKey: Guid(26f6567865bdaf0438cb400adef5888d) Importer(815301076,1909f56bfc062723c751e8b465ee728b)
Start importing Assets/Cainos/Pixel Art Platformer - Village Props/Tileset Palette/TP Ground/TX Tileset Ground_21.asset using Guid(26f6567865bdaf0438cb400adef5888d) Importer(815301076,1909f56bfc062723c751e8b465ee728b) (PreviewImporter) -> (artifact id: 'c19f3d12e153bed22dd54926c5215f61') in 0.0182194 seconds
Number of updated asset objects reloaded before import = 0Number of asset objects unloaded after import = 3

========================================================================
Received Import Request.
  Time since last request: 1.343419 seconds.
  path: Assets/Cainos/Pixel Art Platformer - Village Props/Tileset Palette/TP Ground/TX Tileset Ground_27.asset
  artifactKey: Guid(da05a3e89e55b01489b929be2a92a81a) Importer(815301076,1909f56bfc062723c751e8b465ee728b)
Start importing Assets/Cainos/Pixel Art Platformer - Village Props/Tileset Palette/TP Ground/TX Tileset Ground_27.asset using Guid(da05a3e89e55b01489b929be2a92a81a) Importer(815301076,1909f56bfc062723c751e8b465ee728b) (PreviewImporter) -> (artifact id: 'f9991cd07a5f5b34d658ea40000bb0d9') in 0.012172 seconds
Number of updated asset objects reloaded before import = 0Number of asset objects unloaded after import = 3

========================================================================
Received Import Request.
  Time since last request: 0.000031 seconds.
  path: Assets/Cainos/Pixel Art Platformer - Village Props/Tileset Palette/TP Ground/TX Tileset Ground_31.asset
  artifactKey: Guid(2d124724b7a293044ba9d11950b0a66b) Importer(815301076,1909f56bfc062723c751e8b465ee728b)
Start importing Assets/Cainos/Pixel Art Platformer - Village Props/Tileset Palette/TP Ground/TX Tileset Ground_31.asset using Guid(2d124724b7a293044ba9d11950b0a66b) Importer(815301076,1909f56bfc062723c751e8b465ee728b) (PreviewImporter) -> (artifact id: 'c163f8d6de0a7de44f195fdbcc3c059b') in 0.0213391 seconds
Number of updated asset objects reloaded before import = 0Number of asset objects unloaded after import = 3

========================================================================
Received Import Request.
  Time since last request: 0.000039 seconds.
  path: Assets/Cainos/Pixel Art Platformer - Village Props/Tileset Palette/TP Ground/TX Tileset Ground_34.asset
  artifactKey: Guid(efe8a1a3834956a4bb82a5921129f439) Importer(815301076,1909f56bfc062723c751e8b465ee728b)
Start importing Assets/Cainos/Pixel Art Platformer - Village Props/Tileset Palette/TP Ground/TX Tileset Ground_34.asset using Guid(efe8a1a3834956a4bb82a5921129f439) Importer(815301076,1909f56bfc062723c751e8b465ee728b) (PreviewImporter) -> (artifact id: '7ad086d19927935456e822571ca66dc8') in 0.0387752 seconds
Number of updated asset objects reloaded before import = 0Number of asset objects unloaded after import = 3

========================================================================
Received Import Request.
  Time since last request: 0.000034 seconds.
  path: Assets/Cainos/Pixel Art Platformer - Village Props/Tileset Palette/TP Ground/TX Tileset Ground_41.asset
  artifactKey: Guid(00f32906b6a5a5846be9878967ba535e) Importer(815301076,1909f56bfc062723c751e8b465ee728b)
Start importing Assets/Cainos/Pixel Art Platformer - Village Props/Tileset Palette/TP Ground/TX Tileset Ground_41.asset using Guid(00f32906b6a5a5846be9878967ba535e) Importer(815301076,1909f56bfc062723c751e8b465ee728b) (PreviewImporter) -> (artifact id: 'a6968bd5dc9e4b60779056ec8b70b051') in 0.0287995 seconds
Number of updated asset objects reloaded before import = 0Number of asset objects unloaded after import = 3

========================================================================
Received Import Request.
  Time since last request: 0.008917 seconds.
  path: Assets/Cainos/Pixel Art Platformer - Village Props/Tileset Palette/TP Ground/TX Tileset Ground_51.asset
  artifactKey: Guid(b0b4996c5136ea749a47e5f6f3ba80f8) Importer(815301076,1909f56bfc062723c751e8b465ee728b)
Start importing Assets/Cainos/Pixel Art Platformer - Village Props/Tileset Palette/TP Ground/TX Tileset Ground_51.asset using Guid(b0b4996c5136ea749a47e5f6f3ba80f8) Importer(815301076,1909f56bfc062723c751e8b465ee728b) (PreviewImporter) -> (artifact id: 'f7d08bd5e9235d5a3fafe0ec3fd75b60') in 0.0125111 seconds
Number of updated asset objects reloaded before import = 0Number of asset objects unloaded after import = 3

========================================================================
Received Import Request.
  Time since last request: 5.240311 seconds.
  path: Assets/Cainos/Pixel Art Platformer - Village Props/Tileset Palette/TP Ground/TX Tileset Ground_57.asset
  artifactKey: Guid(040322f3a0b27d545b9ec465d4fc2d66) Importer(815301076,1909f56bfc062723c751e8b465ee728b)
Start importing Assets/Cainos/Pixel Art Platformer - Village Props/Tileset Palette/TP Ground/TX Tileset Ground_57.asset using Guid(040322f3a0b27d545b9ec465d4fc2d66) Importer(815301076,1909f56bfc062723c751e8b465ee728b) (PreviewImporter) -> (artifact id: '0fbf986cfd69f7c5c20d2fff88cf2165') in 0.0057781 seconds
Number of updated asset objects reloaded before import = 0Number of asset objects unloaded after import = 3

========================================================================
Received Import Request.
  Time since last request: 0.000026 seconds.
  path: Assets/Cainos/Pixel Art Platformer - Village Props/Tileset Palette/TP Ground/TX Tileset Ground_64.asset
  artifactKey: Guid(ebe95d873c8d1a7458184bb400619100) Importer(815301076,1909f56bfc062723c751e8b465ee728b)
Start importing Assets/Cainos/Pixel Art Platformer - Village Props/Tileset Palette/TP Ground/TX Tileset Ground_64.asset using Guid(ebe95d873c8d1a7458184bb400619100) Importer(815301076,1909f56bfc062723c751e8b465ee728b) (PreviewImporter) -> (artifact id: '47126a1a8ebb09b1a8f54c86c5dd53a2') in 0.0193068 seconds
Number of updated asset objects reloaded before import = 0Number of asset objects unloaded after import = 3

========================================================================
Received Import Request.
  Time since last request: 0.000030 seconds.
  path: Assets/Cainos/Pixel Art Platformer - Village Props/Tileset Palette/TP Ground/TX Tileset Ground_69.asset
  artifactKey: Guid(973bb312b44cb3b40991709a6d83a2b6) Importer(815301076,1909f56bfc062723c751e8b465ee728b)
Start importing Assets/Cainos/Pixel Art Platformer - Village Props/Tileset Palette/TP Ground/TX Tileset Ground_69.asset using Guid(973bb312b44cb3b40991709a6d83a2b6) Importer(815301076,1909f56bfc062723c751e8b465ee728b) (PreviewImporter) -> (artifact id: '157408e0a0208fe7f3b2227398094d0c') in 0.0107037 seconds
Number of updated asset objects reloaded before import = 0Number of asset objects unloaded after import = 3

========================================================================
Received Import Request.
  Time since last request: 0.000034 seconds.
  path: Assets/Cainos/Pixel Art Platformer - Village Props/Tileset Palette/TP Ground/TX Tileset Ground_74.asset
  artifactKey: Guid(f5f5bd36d57b7d740a13d8e594ee02bc) Importer(815301076,1909f56bfc062723c751e8b465ee728b)
Start importing Assets/Cainos/Pixel Art Platformer - Village Props/Tileset Palette/TP Ground/TX Tileset Ground_74.asset using Guid(f5f5bd36d57b7d740a13d8e594ee02bc) Importer(815301076,1909f56bfc062723c751e8b465ee728b) (PreviewImporter) -> (artifact id: 'a71fcdb3116a2d41d099bcc0642c3322') in 0.0123724 seconds
Number of updated asset objects reloaded before import = 0Number of asset objects unloaded after import = 3

========================================================================
Received Import Request.
  Time since last request: 0.000027 seconds.
  path: Assets/Cainos/Pixel Art Platformer - Village Props/Tileset Palette/TP Ground/TX Tileset Ground_73.asset
  artifactKey: Guid(8cc67f36f2d95b846bc76f23b754ffc3) Importer(815301076,1909f56bfc062723c751e8b465ee728b)
Start importing Assets/Cainos/Pixel Art Platformer - Village Props/Tileset Palette/TP Ground/TX Tileset Ground_73.asset using Guid(8cc67f36f2d95b846bc76f23b754ffc3) Importer(815301076,1909f56bfc062723c751e8b465ee728b) (PreviewImporter) -> (artifact id: 'ad5635849e21bcc1302f624a47055191') in 0.006786 seconds
Number of updated asset objects reloaded before import = 0Number of asset objects unloaded after import = 3

========================================================================
Received Import Request.
  Time since last request: 0.550945 seconds.
  path: Assets/Cainos/Pixel Art Platformer - Village Props/Tileset Palette/TP Ground/TX Tileset Ground_81.asset
  artifactKey: Guid(42a2a10858095b44a802a7a304a39fd2) Importer(815301076,1909f56bfc062723c751e8b465ee728b)
Start importing Assets/Cainos/Pixel Art Platformer - Village Props/Tileset Palette/TP Ground/TX Tileset Ground_81.asset using Guid(42a2a10858095b44a802a7a304a39fd2) Importer(815301076,1909f56bfc062723c751e8b465ee728b) (PreviewImporter) -> (artifact id: 'd72500dd394695d540768e345c616677') in 0.0070499 seconds
Number of updated asset objects reloaded before import = 0Number of asset objects unloaded after import = 3

========================================================================
Received Import Request.
  Time since last request: 3.356169 seconds.
  path: Assets/Cainos/Pixel Art Platformer - Village Props/Tileset Palette/TP Ground/TX Tileset Ground_87.asset
  artifactKey: Guid(1b618c5d45d3b00418d45e0c3745ec6b) Importer(815301076,1909f56bfc062723c751e8b465ee728b)
Start importing Assets/Cainos/Pixel Art Platformer - Village Props/Tileset Palette/TP Ground/TX Tileset Ground_87.asset using Guid(1b618c5d45d3b00418d45e0c3745ec6b) Importer(815301076,1909f56bfc062723c751e8b465ee728b) (PreviewImporter) -> (artifact id: '608ab4f833c687034c5f2cd9e3c84f06') in 0.0100381 seconds
Number of updated asset objects reloaded before import = 0Number of asset objects unloaded after import = 3

========================================================================
Received Import Request.
  Time since last request: 0.000026 seconds.
  path: Assets/Cainos/Pixel Art Platformer - Village Props/Tileset Palette/TP Ground/TX Tileset Ground_94.asset
  artifactKey: Guid(2f470b1bb80d3074b993a8605908c914) Importer(815301076,1909f56bfc062723c751e8b465ee728b)
Start importing Assets/Cainos/Pixel Art Platformer - Village Props/Tileset Palette/TP Ground/TX Tileset Ground_94.asset using Guid(2f470b1bb80d3074b993a8605908c914) Importer(815301076,1909f56bfc062723c751e8b465ee728b) (PreviewImporter) -> (artifact id: '1eca5122b1a4d07dfe52b23ad581f38a') in 0.0101589 seconds
Number of updated asset objects reloaded before import = 0Number of asset objects unloaded after import = 3

========================================================================
Received Import Request.
  Time since last request: 0.000028 seconds.
  path: Assets/Cainos/Pixel Art Platformer - Village Props/Tileset Palette/TP Ground/TX Tileset Ground_93.asset
  artifactKey: Guid(d6d6bdeb1e396844ebf6701a32598f4a) Importer(815301076,1909f56bfc062723c751e8b465ee728b)
Start importing Assets/Cainos/Pixel Art Platformer - Village Props/Tileset Palette/TP Ground/TX Tileset Ground_93.asset using Guid(d6d6bdeb1e396844ebf6701a32598f4a) Importer(815301076,1909f56bfc062723c751e8b465ee728b) (PreviewImporter) -> (artifact id: '900aeac6999d212a628653cb49a7a0d2') in 0.0069265 seconds
Number of updated asset objects reloaded before import = 0Number of asset objects unloaded after import = 3

========================================================================
Received Import Request.
  Time since last request: 0.000038 seconds.
  path: Assets/Cainos/Pixel Art Platformer - Village Props/Tileset Palette/TP Ground/TX Tileset Ground_95.asset
  artifactKey: Guid(e698ee13ed1cb594289ad5433709e268) Importer(815301076,1909f56bfc062723c751e8b465ee728b)
Start importing Assets/Cainos/Pixel Art Platformer - Village Props/Tileset Palette/TP Ground/TX Tileset Ground_95.asset using Guid(e698ee13ed1cb594289ad5433709e268) Importer(815301076,1909f56bfc062723c751e8b465ee728b) (PreviewImporter) -> (artifact id: 'b9ff42c58cba396957fd67705111a6b6') in 0.015664 seconds
Number of updated asset objects reloaded before import = 0Number of asset objects unloaded after import = 3

========================================================================
Received Import Request.
  Time since last request: 0.000032 seconds.
  path: Assets/Cainos/Pixel Art Platformer - Village Props/Tileset Palette/TP Ground/TX Tileset Ground_109.asset
  artifactKey: Guid(779848281c0def348a159e2d883c9fbd) Importer(815301076,1909f56bfc062723c751e8b465ee728b)
Start importing Assets/Cainos/Pixel Art Platformer - Village Props/Tileset Palette/TP Ground/TX Tileset Ground_109.asset using Guid(779848281c0def348a159e2d883c9fbd) Importer(815301076,1909f56bfc062723c751e8b465ee728b) (PreviewImporter) -> (artifact id: '6604fd6b1c5fe9ffc0c7767712ffce96') in 0.0181837 seconds
Number of updated asset objects reloaded before import = 0Number of asset objects unloaded after import = 3

========================================================================
Received Import Request.
  Time since last request: 0.000026 seconds.
  path: Assets/Cainos/Pixel Art Platformer - Village Props/Tileset Palette/TP Ground/TX Tileset Ground_111.asset
  artifactKey: Guid(ef522b2875db9aa428d1a38510fba6bd) Importer(815301076,1909f56bfc062723c751e8b465ee728b)
Start importing Assets/Cainos/Pixel Art Platformer - Village Props/Tileset Palette/TP Ground/TX Tileset Ground_111.asset using Guid(ef522b2875db9aa428d1a38510fba6bd) Importer(815301076,1909f56bfc062723c751e8b465ee728b) (PreviewImporter) -> (artifact id: 'b02430e0acdad49c54e8554f860f226d') in 0.0114684 seconds
Number of updated asset objects reloaded before import = 0Number of asset objects unloaded after import = 3

========================================================================
Received Import Request.
  Time since last request: 0.035811 seconds.
  path: Assets/Cainos/Pixel Art Platformer - Village Props/Tileset Palette/TP Ground/TX Tileset Ground_117.asset
  artifactKey: Guid(1a7ad28825d8f68439f78bb94c662535) Importer(815301076,1909f56bfc062723c751e8b465ee728b)
Start importing Assets/Cainos/Pixel Art Platformer - Village Props/Tileset Palette/TP Ground/TX Tileset Ground_117.asset using Guid(1a7ad28825d8f68439f78bb94c662535) Importer(815301076,1909f56bfc062723c751e8b465ee728b) (PreviewImporter) -> (artifact id: 'c8a29949d0b92ff92653fec95fda56f8') in 0.0127599 seconds
Number of updated asset objects reloaded before import = 0Number of asset objects unloaded after import = 3

========================================================================
Received Import Request.
  Time since last request: 0.000033 seconds.
  path: Assets/Cainos/Pixel Art Platformer - Village Props/Tileset Palette/TP Ground/TX Tileset Ground_122.asset
  artifactKey: Guid(b8b55a61e3969c546aacac941e01fea4) Importer(815301076,1909f56bfc062723c751e8b465ee728b)
Start importing Assets/Cainos/Pixel Art Platformer - Village Props/Tileset Palette/TP Ground/TX Tileset Ground_122.asset using Guid(b8b55a61e3969c546aacac941e01fea4) Importer(815301076,1909f56bfc062723c751e8b465ee728b) (PreviewImporter) -> (artifact id: 'c1002c62d640a501d8c078c1cd80a1b5') in 0.0201727 seconds
Number of updated asset objects reloaded before import = 0Number of asset objects unloaded after import = 3

========================================================================
Received Import Request.
  Time since last request: 0.171231 seconds.
  path: Assets/Cainos/Pixel Art Platformer - Village Props/Tileset Palette/TP Ground/TX Tileset Ground_129.asset
  artifactKey: Guid(e1c286eb85795ea4bb28552652a6337e) Importer(815301076,1909f56bfc062723c751e8b465ee728b)
Start importing Assets/Cainos/Pixel Art Platformer - Village Props/Tileset Palette/TP Ground/TX Tileset Ground_129.asset using Guid(e1c286eb85795ea4bb28552652a6337e) Importer(815301076,1909f56bfc062723c751e8b465ee728b) (PreviewImporter) -> (artifact id: '40ca5a97cc793ed1b4203bf3fa349d98') in 0.0210822 seconds
Number of updated asset objects reloaded before import = 0Number of asset objects unloaded after import = 3

========================================================================
Received Import Request.
  Time since last request: 0.221477 seconds.
  path: Assets/Cainos/Pixel Art Platformer - Village Props/Tileset Palette/TP Ground/TX Tileset Ground_135.asset
  artifactKey: Guid(2df71eb30308fc248a7435c8f93a2c4c) Importer(815301076,1909f56bfc062723c751e8b465ee728b)
Start importing Assets/Cainos/Pixel Art Platformer - Village Props/Tileset Palette/TP Ground/TX Tileset Ground_135.asset using Guid(2df71eb30308fc248a7435c8f93a2c4c) Importer(815301076,1909f56bfc062723c751e8b465ee728b) (PreviewImporter) -> (artifact id: '91fcb58de099074a036e87a7d6009fb4') in 0.0272867 seconds
Number of updated asset objects reloaded before import = 0Number of asset objects unloaded after import = 3

========================================================================
Received Import Request.
  Time since last request: 0.000029 seconds.
  path: Assets/Cainos/Pixel Art Platformer - Village Props/Tileset Palette/TP Ground/TX Tileset Ground_141.asset
  artifactKey: Guid(af04755bd4d3f304f8204f2227c58cf1) Importer(815301076,1909f56bfc062723c751e8b465ee728b)
Start importing Assets/Cainos/Pixel Art Platformer - Village Props/Tileset Palette/TP Ground/TX Tileset Ground_141.asset using Guid(af04755bd4d3f304f8204f2227c58cf1) Importer(815301076,1909f56bfc062723c751e8b465ee728b) (PreviewImporter) -> (artifact id: '361eb2a3ff4fe9de59e8e984640b9f75') in 0.0131605 seconds
Number of updated asset objects reloaded before import = 0Number of asset objects unloaded after import = 3

========================================================================
Received Import Request.
  Time since last request: 0.078269 seconds.
  path: Assets/Cainos/Pixel Art Platformer - Village Props/Tileset Palette/TP Ground/TX Tileset Ground_147.asset
  artifactKey: Guid(7c4bcce9112b5ad4681df3768dceb1cf) Importer(815301076,1909f56bfc062723c751e8b465ee728b)
Start importing Assets/Cainos/Pixel Art Platformer - Village Props/Tileset Palette/TP Ground/TX Tileset Ground_147.asset using Guid(7c4bcce9112b5ad4681df3768dceb1cf) Importer(815301076,1909f56bfc062723c751e8b465ee728b) (PreviewImporter) -> (artifact id: '45736b315554496e84f580e47c0ce99c') in 0.0064365 seconds
Number of updated asset objects reloaded before import = 0Number of asset objects unloaded after import = 3

========================================================================
Received Import Request.
  Time since last request: 0.000033 seconds.
  path: Assets/Cainos/Pixel Art Platformer - Village Props/Tileset Palette/TP Ground/TX Tileset Ground_153.asset
  artifactKey: Guid(8c40a90138a81ed44b1c14dbfcf662ad) Importer(815301076,1909f56bfc062723c751e8b465ee728b)
Start importing Assets/Cainos/Pixel Art Platformer - Village Props/Tileset Palette/TP Ground/TX Tileset Ground_153.asset using Guid(8c40a90138a81ed44b1c14dbfcf662ad) Importer(815301076,1909f56bfc062723c751e8b465ee728b) (PreviewImporter) -> (artifact id: '90a1be2989e95b6fcf3225bebf0d0898') in 0.0196155 seconds
Number of updated asset objects reloaded before import = 0Number of asset objects unloaded after import = 3

========================================================================
Received Import Request.
  Time since last request: 0.076798 seconds.
  path: Assets/Cainos/Pixel Art Platformer - Village Props/Tileset Palette/TP Ground/TX Tileset Ground_159.asset
  artifactKey: Guid(5b48754204f63c94db2e859e46382f4a) Importer(815301076,1909f56bfc062723c751e8b465ee728b)
Start importing Assets/Cainos/Pixel Art Platformer - Village Props/Tileset Palette/TP Ground/TX Tileset Ground_159.asset using Guid(5b48754204f63c94db2e859e46382f4a) Importer(815301076,1909f56bfc062723c751e8b465ee728b) (PreviewImporter) -> (artifact id: 'e94f077c68949a206441a833ed5e6151') in 0.0119649 seconds
Number of updated asset objects reloaded before import = 0Number of asset objects unloaded after import = 3

========================================================================
Received Import Request.
  Time since last request: 0.000025 seconds.
  path: Assets/Cainos/Pixel Art Platformer - Village Props/Tileset Palette/TP Ground/TX Tileset Ground_162.asset
  artifactKey: Guid(122b59d662a176542ad41b2492ddf675) Importer(815301076,1909f56bfc062723c751e8b465ee728b)
Start importing Assets/Cainos/Pixel Art Platformer - Village Props/Tileset Palette/TP Ground/TX Tileset Ground_162.asset using Guid(122b59d662a176542ad41b2492ddf675) Importer(815301076,1909f56bfc062723c751e8b465ee728b) (PreviewImporter) -> (artifact id: '32e78b51616003574ba2b1665bb65b5a') in 0.0202971 seconds
Number of updated asset objects reloaded before import = 0Number of asset objects unloaded after import = 3

========================================================================
Received Prepare
Begin MonoManager ReloadAssembly
[Licensing::Client] Successfully resolved entitlement details
[Licensing::Module] License group:
  Id: F4-FDX7-899P-3D7X-9PB8-XXXX
  Product: Unity Personal
  Type: ULF
  Expiration: Unlimited
[Licensing::Module] License group:
  Id: 7972062332293-UnityPersXXXX
  Product: Unity Personal
  Type: Assigned
  Expiration: Unlimited
- Loaded All Assemblies, in  1.184 seconds
Refreshing native plugins compatible for Editor in 3.81 ms, found 5 plugins.
Native extension for Android target not found
Native extension for WindowsStandalone target not found
Native extension for WebGL target not found
[Package Manager] Failed to launch server process. Reason: Unity was launched with the -noUpm command-line argument
[Package Manager] Unable to send message (not connected to server process).
[Package Manager] Cannot connect to Unity Package Manager local server
[Package Manager] Failed to launch server process. Reason: Unity was launched with the -noUpm command-line argument
[Package Manager] Unable to send message (not connected to server process).
[Package Manager] Cannot connect to Unity Package Manager local server
ScheduleIndexationOnStartup MainProcess:False IndexOnStartup:True
Mono: successfully reloaded assembly
- Finished resetting the current domain, in  1.233 seconds
Domain Reload Profiling: 2419ms
	BeginReloadAssembly (318ms)
		ExecutionOrderSort (0ms)
		DisableScriptedObjects (41ms)
		BackupInstance (0ms)
		ReleaseScriptingObjects (0ms)
		CreateAndSetChildDomain (70ms)
	RebuildCommonClasses (47ms)
	RebuildNativeTypeToScriptingClass (20ms)
	initialDomainReloadingComplete (37ms)
	LoadAllAssembliesAndSetupDomain (764ms)
		LoadAssemblies (592ms)
		RebuildTransferFunctionScriptingTraits (0ms)
		AnalyzeDomain (312ms)
			TypeCache.Refresh (15ms)
				TypeCache.ScanAssembly (2ms)
			BuildScriptInfoCaches (276ms)
			ResolveRequiredComponents (14ms)
	FinalizeReload (1234ms)
		ReleaseScriptCaches (0ms)
		RebuildScriptCaches (0ms)
		SetupLoadedEditorAssemblies (1014ms)
			LogAssemblyErrors (0ms)
			InitializePlatformSupportModulesInManaged (11ms)
			SetLoadedEditorAssemblies (7ms)
			BeforeProcessingInitializeOnLoad (297ms)
			ProcessInitializeOnLoadAttributes (568ms)
			ProcessInitializeOnLoadMethodAttributes (127ms)
			AfterProcessingInitializeOnLoad (3ms)
			EditorAssembliesLoaded (0ms)
		ExecutionOrderSort2 (0ms)
		AwakeInstancesAfterBackupRestoration (23ms)
Refreshing native plugins compatible for Editor in 4.30 ms, found 5 plugins.
Preloading 0 native plugins for Editor in 0.00 ms.
Unloading 16 Unused Serialized files (Serialized files now loaded: 0)
Unloading 7262 unused Assets / (4.2 MB). Loaded Objects now: 8115.
Memory consumption went from 170.2 MB to 165.9 MB.
Total: 11.059300 ms (FindLiveObjects: 1.061600 ms CreateObjectMapping: 0.756500 ms MarkObjects: 6.628400 ms  DeleteObjects: 2.611200 ms)

Prepare: number of updated asset objects reloaded= 0
========================================================================
Received Import Request.
  Time since last request: 534.758758 seconds.
  path: Assets/GDD - Quinnipiac/Pixel Art Character Package/Characters/Addergul/Addergul Dark Blue/Addergul crouch 2-Sheet.png
  artifactKey: Guid(5fd7fc5f77028cf4e8981131c0192447) Importer(815301076,1909f56bfc062723c751e8b465ee728b)
Start importing Assets/GDD - Quinnipiac/Pixel Art Character Package/Characters/Addergul/Addergul Dark Blue/Addergul crouch 2-Sheet.png using Guid(5fd7fc5f77028cf4e8981131c0192447) Importer(815301076,1909f56bfc062723c751e8b465ee728b) (PreviewImporter)[Licensing::Client] Successfully resolved entitlement details
[Licensing::Module] License group:
  Id: F4-FDX7-899P-3D7X-9PB8-XXXX
  Product: Unity Personal
  Type: ULF
  Expiration: Unlimited
[Licensing::Module] License group:
  Id: 7972062332293-UnityPersXXXX
  Product: Unity Personal
  Type: Assigned
  Expiration: Unlimited
 -> (artifact id: 'e72e8c500c8fcc8ea8ac16194224d140') in 0.1522656 seconds
Number of updated asset objects reloaded before import = 0Number of asset objects unloaded after import = 10

========================================================================
Received Import Request.
  Time since last request: 0.000028 seconds.
  path: Assets/GDD - Quinnipiac/Pixel Art Character Package/Characters/Addergul/Addergul Dark Blue/Addergul hit 2-Sheet.png
  artifactKey: Guid(53914905ff83eb74484d97b589b9758b) Importer(815301076,1909f56bfc062723c751e8b465ee728b)
Start importing Assets/GDD - Quinnipiac/Pixel Art Character Package/Characters/Addergul/Addergul Dark Blue/Addergul hit 2-Sheet.png using Guid(53914905ff83eb74484d97b589b9758b) Importer(815301076,1909f56bfc062723c751e8b465ee728b) (PreviewImporter) -> (artifact id: '511edba66caeb7f41a01a45f5a154d7b') in 0.0339485 seconds
Number of updated asset objects reloaded before import = 0Number of asset objects unloaded after import = 6

========================================================================
Received Import Request.
  Time since last request: 0.000033 seconds.
  path: Assets/GDD - Quinnipiac/Pixel Art Character Package/Characters/Addergul/Addergul Dark Blue/Addergul walk 2-Sheet.png
  artifactKey: Guid(1689fb09af6086a45bacd896b6922b08) Importer(815301076,1909f56bfc062723c751e8b465ee728b)
Start importing Assets/GDD - Quinnipiac/Pixel Art Character Package/Characters/Addergul/Addergul Dark Blue/Addergul walk 2-Sheet.png using Guid(1689fb09af6086a45bacd896b6922b08) Importer(815301076,1909f56bfc062723c751e8b465ee728b) (PreviewImporter) -> (artifact id: '197b80674ef41039b58eb2b58827bbcd') in 0.0382159 seconds
Number of updated asset objects reloaded before import = 0Number of asset objects unloaded after import = 6

========================================================================
Received Import Request.
  Time since last request: 0.000018 seconds.
  path: Assets/GDD - Quinnipiac/Pixel Art Character Package/Characters/Addergul/Addergul Dark Blue/Addergul idle 2-Sheet.png
  artifactKey: Guid(1841f87f4ad040d4a849161724122d4b) Importer(815301076,1909f56bfc062723c751e8b465ee728b)
Start importing Assets/GDD - Quinnipiac/Pixel Art Character Package/Characters/Addergul/Addergul Dark Blue/Addergul idle 2-Sheet.png using Guid(1841f87f4ad040d4a849161724122d4b) Importer(815301076,1909f56bfc062723c751e8b465ee728b) (PreviewImporter) -> (artifact id: '57bbb177bf84775aff04ecd70febc8ed') in 0.0362059 seconds
Number of updated asset objects reloaded before import = 0Number of asset objects unloaded after import = 7

========================================================================
Received Import Request.
  Time since last request: 2.512977 seconds.
  path: Assets/GDD - Quinnipiac/Pixel Art Character Package/Characters/Addergul/Addergul Orange/Addergul crouch 4-Sheet.png
  artifactKey: Guid(0c0b752f1bc1fd04ab3c971de9df0c26) Importer(815301076,1909f56bfc062723c751e8b465ee728b)
Start importing Assets/GDD - Quinnipiac/Pixel Art Character Package/Characters/Addergul/Addergul Orange/Addergul crouch 4-Sheet.png using Guid(0c0b752f1bc1fd04ab3c971de9df0c26) Importer(815301076,1909f56bfc062723c751e8b465ee728b) (PreviewImporter) -> (artifact id: '76ffe2bedadc20c98c253fe8fac06c31') in 0.0378949 seconds
Number of updated asset objects reloaded before import = 0Number of asset objects unloaded after import = 10

========================================================================
Received Import Request.
  Time since last request: 0.000019 seconds.
  path: Assets/GDD - Quinnipiac/Pixel Art Character Package/Characters/Addergul/Addergul Orange/Addergul death 4-Sheet.png
  artifactKey: Guid(59f12573b324d574aafdec8043cc4731) Importer(815301076,1909f56bfc062723c751e8b465ee728b)
Start importing Assets/GDD - Quinnipiac/Pixel Art Character Package/Characters/Addergul/Addergul Orange/Addergul death 4-Sheet.png using Guid(59f12573b324d574aafdec8043cc4731) Importer(815301076,1909f56bfc062723c751e8b465ee728b) (PreviewImporter) -> (artifact id: 'f4981ef966925da9a5727105e1ee1067') in 0.0372629 seconds
Number of updated asset objects reloaded before import = 0Number of asset objects unloaded after import = 8

========================================================================
Received Import Request.
  Time since last request: 0.000022 seconds.
  path: Assets/GDD - Quinnipiac/Pixel Art Character Package/Characters/Addergul/Addergul Orange/Addergul hit 4-Sheet.png
  artifactKey: Guid(2c7ca53db6f930e4fb183a5545e83927) Importer(815301076,1909f56bfc062723c751e8b465ee728b)
Start importing Assets/GDD - Quinnipiac/Pixel Art Character Package/Characters/Addergul/Addergul Orange/Addergul hit 4-Sheet.png using Guid(2c7ca53db6f930e4fb183a5545e83927) Importer(815301076,1909f56bfc062723c751e8b465ee728b) (PreviewImporter) -> (artifact id: '02267b0a234630f737b521ebe5131b2c') in 0.0241162 seconds
Number of updated asset objects reloaded before import = 0Number of asset objects unloaded after import = 6

========================================================================
Received Import Request.
  Time since last request: 0.000034 seconds.
  path: Assets/GDD - Quinnipiac/Pixel Art Character Package/Characters/Addergul/Addergul Orange/Addergul run 4-Sheet.png
  artifactKey: Guid(1729754245897df46b074d696a231e66) Importer(815301076,1909f56bfc062723c751e8b465ee728b)
Start importing Assets/GDD - Quinnipiac/Pixel Art Character Package/Characters/Addergul/Addergul Orange/Addergul run 4-Sheet.png using Guid(1729754245897df46b074d696a231e66) Importer(815301076,1909f56bfc062723c751e8b465ee728b) (PreviewImporter) -> (artifact id: 'eb8a3f6a42386728f25e87175146692c') in 0.0307944 seconds
Number of updated asset objects reloaded before import = 0Number of asset objects unloaded after import = 6

========================================================================
Received Import Request.
  Time since last request: 1.800955 seconds.
  path: Assets/GDD - Quinnipiac/Pixel Art Character Package/Characters/Addergul/Addergul Pink/Addergul crouch 3-Sheet.png
  artifactKey: Guid(bdddcba6477e00244bdaeeccc4f59af1) Importer(815301076,1909f56bfc062723c751e8b465ee728b)
Start importing Assets/GDD - Quinnipiac/Pixel Art Character Package/Characters/Addergul/Addergul Pink/Addergul crouch 3-Sheet.png using Guid(bdddcba6477e00244bdaeeccc4f59af1) Importer(815301076,1909f56bfc062723c751e8b465ee728b) (PreviewImporter) -> (artifact id: '6d1489871606d2e47af3d674b8d91aa9') in 0.0604436 seconds
Number of updated asset objects reloaded before import = 0Number of asset objects unloaded after import = 10

========================================================================
Received Import Request.
  Time since last request: 0.000022 seconds.
  path: Assets/GDD - Quinnipiac/Pixel Art Character Package/Characters/Addergul/Addergul Pink/Addergul death 3-Sheet.png
  artifactKey: Guid(f0cc135859b1aff41a6ad9c732aa93e1) Importer(815301076,1909f56bfc062723c751e8b465ee728b)
Start importing Assets/GDD - Quinnipiac/Pixel Art Character Package/Characters/Addergul/Addergul Pink/Addergul death 3-Sheet.png using Guid(f0cc135859b1aff41a6ad9c732aa93e1) Importer(815301076,1909f56bfc062723c751e8b465ee728b) (PreviewImporter) -> (artifact id: '70442925ba7db0faaea5abe4725153f5') in 0.0310665 seconds
Number of updated asset objects reloaded before import = 0Number of asset objects unloaded after import = 8

========================================================================
Received Import Request.
  Time since last request: 0.000022 seconds.
  path: Assets/GDD - Quinnipiac/Pixel Art Character Package/Characters/Addergul/Addergul Pink/Addergul walk 3-Sheet.png
  artifactKey: Guid(f731d1a0acc51444cb9b86760d93d4e8) Importer(815301076,1909f56bfc062723c751e8b465ee728b)
Start importing Assets/GDD - Quinnipiac/Pixel Art Character Package/Characters/Addergul/Addergul Pink/Addergul walk 3-Sheet.png using Guid(f731d1a0acc51444cb9b86760d93d4e8) Importer(815301076,1909f56bfc062723c751e8b465ee728b) (PreviewImporter) -> (artifact id: '77e9a115d1de118f2774e8f9cf654947') in 0.0273907 seconds
Number of updated asset objects reloaded before import = 0Number of asset objects unloaded after import = 6

========================================================================
Received Import Request.
  Time since last request: 0.000029 seconds.
  path: Assets/GDD - Quinnipiac/Pixel Art Character Package/Characters/Addergul/Addergul Pink/Addergul idle 3-Sheet.png
  artifactKey: Guid(17ea363849f51794e9fac0c9c4bdd48a) Importer(815301076,1909f56bfc062723c751e8b465ee728b)
Start importing Assets/GDD - Quinnipiac/Pixel Art Character Package/Characters/Addergul/Addergul Pink/Addergul idle 3-Sheet.png using Guid(17ea363849f51794e9fac0c9c4bdd48a) Importer(815301076,1909f56bfc062723c751e8b465ee728b) (PreviewImporter) -> (artifact id: '2196b3646ff6a67f99052be8328a344f') in 0.0363056 seconds
Number of updated asset objects reloaded before import = 0Number of asset objects unloaded after import = 7

========================================================================
Received Import Request.
  Time since last request: 4.208851 seconds.
  path: Assets/GDD - Quinnipiac/Pixel Art Character Package/Characters/Goop/Goop Orange/goop death 2-Sheet.png
  artifactKey: Guid(25f111f300e860340bb5110a49391761) Importer(815301076,1909f56bfc062723c751e8b465ee728b)
Start importing Assets/GDD - Quinnipiac/Pixel Art Character Package/Characters/Goop/Goop Orange/goop death 2-Sheet.png using Guid(25f111f300e860340bb5110a49391761) Importer(815301076,1909f56bfc062723c751e8b465ee728b) (PreviewImporter) -> (artifact id: '58304c4c6e4ed2328364fd767ebc097e') in 0.1136758 seconds
Number of updated asset objects reloaded before import = 0Number of asset objects unloaded after import = 15

========================================================================
Received Import Request.
  Time since last request: 0.000050 seconds.
  path: Assets/GDD - Quinnipiac/Pixel Art Character Package/Characters/Goop/Goop Orange/goop idle 2-Sheet.png
  artifactKey: Guid(f4220bbddea702e4e958bc272075b589) Importer(815301076,1909f56bfc062723c751e8b465ee728b)
Start importing Assets/GDD - Quinnipiac/Pixel Art Character Package/Characters/Goop/Goop Orange/goop idle 2-Sheet.png using Guid(f4220bbddea702e4e958bc272075b589) Importer(815301076,1909f56bfc062723c751e8b465ee728b) (PreviewImporter) -> (artifact id: '100aaefeeb9de9b281f3580a1c4d6477') in 0.0585627 seconds
Number of updated asset objects reloaded before import = 0Number of asset objects unloaded after import = 6

========================================================================
Received Import Request.
  Time since last request: 5.008031 seconds.
  path: Assets/GDD - Quinnipiac/Pixel Art Character Package/Characters/Phantom/Phantom Pink/Phantom death 2-Sheet.png
  artifactKey: Guid(3368dc872906833438f40c6805ea8ec8) Importer(815301076,1909f56bfc062723c751e8b465ee728b)
Start importing Assets/GDD - Quinnipiac/Pixel Art Character Package/Characters/Phantom/Phantom Pink/Phantom death 2-Sheet.png using Guid(3368dc872906833438f40c6805ea8ec8) Importer(815301076,1909f56bfc062723c751e8b465ee728b) (PreviewImporter) -> (artifact id: '51c64792b4dfe8c05d46e8ca02ab88b4') in 0.0724607 seconds
Number of updated asset objects reloaded before import = 0Number of asset objects unloaded after import = 11

========================================================================
Received Import Request.
  Time since last request: 0.000051 seconds.
  path: Assets/GDD - Quinnipiac/Pixel Art Character Package/Characters/Phantom/Phantom Pink/Phantom turn 2-Sheet.png
  artifactKey: Guid(324f022b8e99d7c4b98393804d14030f) Importer(815301076,1909f56bfc062723c751e8b465ee728b)
Start importing Assets/GDD - Quinnipiac/Pixel Art Character Package/Characters/Phantom/Phantom Pink/Phantom turn 2-Sheet.png using Guid(324f022b8e99d7c4b98393804d14030f) Importer(815301076,1909f56bfc062723c751e8b465ee728b) (PreviewImporter) -> (artifact id: '52c9d40d8d84c2a6bfc49cb1a3ccd104') in 0.0346573 seconds
Number of updated asset objects reloaded before import = 0Number of asset objects unloaded after import = 7

========================================================================
Received Import Request.
  Time since last request: 7.570519 seconds.
  path: Assets/GDD - Quinnipiac/Pixel Art Character Package/Characters/Rattles/Rattles Red/Rattles death 2-sheet.png
  artifactKey: Guid(92445a452d22fe146a6a6c4fcac8aaa7) Importer(815301076,1909f56bfc062723c751e8b465ee728b)
Start importing Assets/GDD - Quinnipiac/Pixel Art Character Package/Characters/Rattles/Rattles Red/Rattles death 2-sheet.png using Guid(92445a452d22fe146a6a6c4fcac8aaa7) Importer(815301076,1909f56bfc062723c751e8b465ee728b) (PreviewImporter) -> (artifact id: '7d654ef6a5bbe49e119896fd9c5504c1') in 0.1267131 seconds
Number of updated asset objects reloaded before import = 0Number of asset objects unloaded after import = 11

========================================================================
Received Import Request.
  Time since last request: 0.000024 seconds.
  path: Assets/GDD - Quinnipiac/Pixel Art Character Package/Characters/Rattles/Rattles Red/Rattles Turn 2-Sheet.png
  artifactKey: Guid(a357f87216fde6a43afbe600e2337823) Importer(815301076,1909f56bfc062723c751e8b465ee728b)
Start importing Assets/GDD - Quinnipiac/Pixel Art Character Package/Characters/Rattles/Rattles Red/Rattles Turn 2-Sheet.png using Guid(a357f87216fde6a43afbe600e2337823) Importer(815301076,1909f56bfc062723c751e8b465ee728b) (PreviewImporter) -> (artifact id: 'fb965fd91780d987ddde907c30d39453') in 0.0347435 seconds
Number of updated asset objects reloaded before import = 0Number of asset objects unloaded after import = 7

========================================================================
Received Import Request.
  Time since last request: 5.431933 seconds.
  path: Assets/GDD - Quinnipiac/Pixel Art Character Package/Characters/Valkyrie/Valkyrie Pink/Valkyrie Death 4-Sheet.png
  artifactKey: Guid(1ae4bc26300ed1341ba322d1277bee94) Importer(815301076,1909f56bfc062723c751e8b465ee728b)
Start importing Assets/GDD - Quinnipiac/Pixel Art Character Package/Characters/Valkyrie/Valkyrie Pink/Valkyrie Death 4-Sheet.png using Guid(1ae4bc26300ed1341ba322d1277bee94) Importer(815301076,1909f56bfc062723c751e8b465ee728b) (PreviewImporter) -> (artifact id: '7f25b946b750fec2acd2e88e74be09eb') in 0.1407658 seconds
Number of updated asset objects reloaded before import = 0Number of asset objects unloaded after import = 13

========================================================================
Received Import Request.
  Time since last request: 0.000024 seconds.
  path: Assets/GDD - Quinnipiac/Pixel Art Character Package/Characters/Valkyrie/Valkyrie Pink/Valkyrie Walk 4-Sheet.png
  artifactKey: Guid(cea456c62247f814783cd4e3f2c49f43) Importer(815301076,1909f56bfc062723c751e8b465ee728b)
Start importing Assets/GDD - Quinnipiac/Pixel Art Character Package/Characters/Valkyrie/Valkyrie Pink/Valkyrie Walk 4-Sheet.png using Guid(cea456c62247f814783cd4e3f2c49f43) Importer(815301076,1909f56bfc062723c751e8b465ee728b) (PreviewImporter) -> (artifact id: '3f6470264f944831cf4f9a9e573f3785') in 0.0469723 seconds
Number of updated asset objects reloaded before import = 0Number of asset objects unloaded after import = 6

========================================================================
Received Import Request.
  Time since last request: 6.320863 seconds.
  path: Assets/GDD - Quinnipiac/Pixel Art Character Package/Characters/Valkyrie/Valkyrie Red/Valkyrie_Death-Sheet.png
  artifactKey: Guid(6517fc33e4bd7604d97f5939fb9cf3c7) Importer(815301076,1909f56bfc062723c751e8b465ee728b)
Start importing Assets/GDD - Quinnipiac/Pixel Art Character Package/Characters/Valkyrie/Valkyrie Red/Valkyrie_Death-Sheet.png using Guid(6517fc33e4bd7604d97f5939fb9cf3c7) Importer(815301076,1909f56bfc062723c751e8b465ee728b) (PreviewImporter) -> (artifact id: 'c96a72d4837d7b901f8c55b337222a13') in 0.0985594 seconds
Number of updated asset objects reloaded before import = 0Number of asset objects unloaded after import = 13

========================================================================
Received Import Request.
  Time since last request: 4.452981 seconds.
  path: Assets/GDD - Quinnipiac/Pixel Art Character Package/Characters/Deton/Deton Green/Deton Death 2-Sheet.png
  artifactKey: Guid(d8c2be6eb4f7eb34f93eb254fa13b749) Importer(815301076,1909f56bfc062723c751e8b465ee728b)
Start importing Assets/GDD - Quinnipiac/Pixel Art Character Package/Characters/Deton/Deton Green/Deton Death 2-Sheet.png using Guid(d8c2be6eb4f7eb34f93eb254fa13b749) Importer(815301076,1909f56bfc062723c751e8b465ee728b) (PreviewImporter) -> (artifact id: 'f4032a2fd5fec2bac4a9f58b99da25e0') in 0.1428584 seconds
Number of updated asset objects reloaded before import = 0Number of asset objects unloaded after import = 15

========================================================================
Received Import Request.
  Time since last request: 3.852928 seconds.
  path: Assets/GDD - Quinnipiac/Pixel Art Character Package/Characters/Frank/Frank Orange/Frank death 2-Sheet.png
  artifactKey: Guid(75fcb4bc888ed2140b71282abd31e9e6) Importer(815301076,1909f56bfc062723c751e8b465ee728b)
Start importing Assets/GDD - Quinnipiac/Pixel Art Character Package/Characters/Frank/Frank Orange/Frank death 2-Sheet.png using Guid(75fcb4bc888ed2140b71282abd31e9e6) Importer(815301076,1909f56bfc062723c751e8b465ee728b) (PreviewImporter) -> (artifact id: '80380863bdb0dd69f73f19db13071c22') in 0.100467 seconds
Number of updated asset objects reloaded before import = 0Number of asset objects unloaded after import = 11

========================================================================
Received Import Request.
  Time since last request: 3.741570 seconds.
  path: Assets/GDD - Quinnipiac/Pixel Art Character Package/Characters/Koboiled/Koboiled Pink/Koboiled crouch full 2-Sheet.png
  artifactKey: Guid(202626315d6f48d459a662bf110b1514) Importer(815301076,1909f56bfc062723c751e8b465ee728b)
Start importing Assets/GDD - Quinnipiac/Pixel Art Character Package/Characters/Koboiled/Koboiled Pink/Koboiled crouch full 2-Sheet.png using Guid(202626315d6f48d459a662bf110b1514) Importer(815301076,1909f56bfc062723c751e8b465ee728b) (PreviewImporter) -> (artifact id: '661f57b568214e809a550666ae2bb59a') in 0.0698338 seconds
Number of updated asset objects reloaded before import = 0Number of asset objects unloaded after import = 7

========================================================================
Received Import Request.
  Time since last request: 0.000024 seconds.
  path: Assets/GDD - Quinnipiac/Pixel Art Character Package/Characters/Koboiled/Koboiled Pink/Koboiled walk full 2-Sheet.png
  artifactKey: Guid(4906a643750c97f4fa7404348bb75edd) Importer(815301076,1909f56bfc062723c751e8b465ee728b)
Start importing Assets/GDD - Quinnipiac/Pixel Art Character Package/Characters/Koboiled/Koboiled Pink/Koboiled walk full 2-Sheet.png using Guid(4906a643750c97f4fa7404348bb75edd) Importer(815301076,1909f56bfc062723c751e8b465ee728b) (PreviewImporter) -> (artifact id: 'c1d5cf13a8328b927b339cac457b8491') in 0.0408326 seconds
Number of updated asset objects reloaded before import = 0Number of asset objects unloaded after import = 6

========================================================================
Received Import Request.
  Time since last request: 6.055365 seconds.
  path: Assets/GDD - Quinnipiac/Pixel Art Character Package/Characters/Puppeteer/Puppeteer Grey/the_puppet_crouch-Sheet.png
  artifactKey: Guid(c1639969979adca4c9a9344571dc7c01) Importer(815301076,1909f56bfc062723c751e8b465ee728b)
Start importing Assets/GDD - Quinnipiac/Pixel Art Character Package/Characters/Puppeteer/Puppeteer Grey/the_puppet_crouch-Sheet.png using Guid(c1639969979adca4c9a9344571dc7c01) Importer(815301076,1909f56bfc062723c751e8b465ee728b) (PreviewImporter) -> (artifact id: '7b64b1acdd8eed471fc7e0e2f3d037d7') in 0.0784989 seconds
Number of updated asset objects reloaded before import = 0Number of asset objects unloaded after import = 7

========================================================================
Received Import Request.
  Time since last request: 0.000024 seconds.
  path: Assets/GDD - Quinnipiac/Pixel Art Character Package/Characters/Puppeteer/Puppeteer Grey/the_puppet_run-Sheet.png
  artifactKey: Guid(204f9127491988d41bf92099c44085af) Importer(815301076,1909f56bfc062723c751e8b465ee728b)
Start importing Assets/GDD - Quinnipiac/Pixel Art Character Package/Characters/Puppeteer/Puppeteer Grey/the_puppet_run-Sheet.png using Guid(204f9127491988d41bf92099c44085af) Importer(815301076,1909f56bfc062723c751e8b465ee728b) (PreviewImporter) -> (artifact id: '31b339b6780bf287f82bdedce1864713') in 0.0304042 seconds
Number of updated asset objects reloaded before import = 0Number of asset objects unloaded after import = 6

========================================================================
Received Import Request.
  Time since last request: 5.733387 seconds.
  path: Assets/GDD - Quinnipiac/Pixel Art Character Package/Characters/Puppeteer/Puppeteer Purple/the puppet death 3-Sheet.png
  artifactKey: Guid(b647b76f9d97ea640b414cb49d00df1c) Importer(815301076,1909f56bfc062723c751e8b465ee728b)
Start importing Assets/GDD - Quinnipiac/Pixel Art Character Package/Characters/Puppeteer/Puppeteer Purple/the puppet death 3-Sheet.png using Guid(b647b76f9d97ea640b414cb49d00df1c) Importer(815301076,1909f56bfc062723c751e8b465ee728b) (PreviewImporter) -> (artifact id: '42f5e8edc7215a83664a1e478ee3b80a') in 0.1403458 seconds
Number of updated asset objects reloaded before import = 0Number of asset objects unloaded after import = 11

========================================================================
Received Import Request.
  Time since last request: 2.133171 seconds.
  path: Assets/GDD - Quinnipiac/Pixel Art Character Package/Characters/Puppeteer/Puppeteer Black/the puppet death 4-Sheet.png
  artifactKey: Guid(df21a574c28d70f48be01cf22e9caea0) Importer(815301076,1909f56bfc062723c751e8b465ee728b)
Start importing Assets/GDD - Quinnipiac/Pixel Art Character Package/Characters/Puppeteer/Puppeteer Black/the puppet death 4-Sheet.png using Guid(df21a574c28d70f48be01cf22e9caea0) Importer(815301076,1909f56bfc062723c751e8b465ee728b) (PreviewImporter) -> (artifact id: '7a536de3c47353bc6859f5d9578ccb93') in 0.1478421 seconds
Number of updated asset objects reloaded before import = 0Number of asset objects unloaded after import = 11

========================================================================
Received Import Request.
  Time since last request: 3.495485 seconds.
  path: Assets/GDD - Quinnipiac/Pixel Art Character Package/Characters/Puppeteer/Puppeteer Blue/the puppet death 2-Sheet.png
  artifactKey: Guid(84161b6fdcaf7524bb17b47124a7e82e) Importer(815301076,1909f56bfc062723c751e8b465ee728b)
Start importing Assets/GDD - Quinnipiac/Pixel Art Character Package/Characters/Puppeteer/Puppeteer Blue/the puppet death 2-Sheet.png using Guid(84161b6fdcaf7524bb17b47124a7e82e) Importer(815301076,1909f56bfc062723c751e8b465ee728b) (PreviewImporter) -> (artifact id: 'e4955aeb0f4f9d1f01967ddf033b23eb') in 0.0787578 seconds
Number of updated asset objects reloaded before import = 0Number of asset objects unloaded after import = 11

========================================================================
Received Import Request.
  Time since last request: 52.092947 seconds.
  path: Packages/com.unity.render-pipelines.core/Runtime/Debugging/Prefabs/Widgets/DebugUIPanel.prefab
  artifactKey: Guid(daa46a58178a6ad41ae1ddc2dc7f856d) Importer(815301076,1909f56bfc062723c751e8b465ee728b)
Start importing Packages/com.unity.render-pipelines.core/Runtime/Debugging/Prefabs/Widgets/DebugUIPanel.prefab using Guid(daa46a58178a6ad41ae1ddc2dc7f856d) Importer(815301076,1909f56bfc062723c751e8b465ee728b) (PreviewImporter) -> (artifact id: '2ab49dc7d7948d7c2223499ff8cea873') in 0.1403908 seconds
Number of updated asset objects reloaded before import = 0Number of asset objects unloaded after import = 98

========================================================================
Received Import Request.
  Time since last request: 0.000026 seconds.
  path: Assets/Cainos/Pixel Art Platformer - Village Props/Prefab/PF Village Props - Apple 01.prefab
  artifactKey: Guid(d732c433f052247478d37fac6cedfe30) Importer(815301076,1909f56bfc062723c751e8b465ee728b)
Start importing Assets/Cainos/Pixel Art Platformer - Village Props/Prefab/PF Village Props - Apple 01.prefab using Guid(d732c433f052247478d37fac6cedfe30) Importer(815301076,1909f56bfc062723c751e8b465ee728b) (PreviewImporter) -> (artifact id: 'c7665b743e58487769d4cb14e3feaed3') in 0.6472132 seconds
Number of updated asset objects reloaded before import = 0Number of asset objects unloaded after import = 10

========================================================================
Received Import Request.
  Time since last request: 0.000050 seconds.
  path: Assets/Cainos/Pixel Art Platformer - Village Props/Prefab/PF Village Props - Grain Box.prefab
  artifactKey: Guid(945a24dea7767f846ad8007110a371f3) Importer(815301076,1909f56bfc062723c751e8b465ee728b)
Start importing Assets/Cainos/Pixel Art Platformer - Village Props/Prefab/PF Village Props - Grain Box.prefab using Guid(945a24dea7767f846ad8007110a371f3) Importer(815301076,1909f56bfc062723c751e8b465ee728b) (PreviewImporter) -> (artifact id: '72ce37ca6ea7e4263c3cbca0ec6f7b25') in 0.0254099 seconds
Number of updated asset objects reloaded before import = 0Number of asset objects unloaded after import = 8

========================================================================
Received Import Request.
  Time since last request: 0.000026 seconds.
  path: Packages/com.unity.render-pipelines.core/Runtime/Debugging/Prefabs/Widgets/DebugUIRow.prefab
  artifactKey: Guid(2d019437ff89b8d44949727731cd9357) Importer(815301076,1909f56bfc062723c751e8b465ee728b)
Start importing Packages/com.unity.render-pipelines.core/Runtime/Debugging/Prefabs/Widgets/DebugUIRow.prefab using Guid(2d019437ff89b8d44949727731cd9357) Importer(815301076,1909f56bfc062723c751e8b465ee728b) (PreviewImporter) -> (artifact id: '0f1a2156efadb0e657c113b73df4c289') in 0.0079376 seconds
Number of updated asset objects reloaded before import = 0Number of asset objects unloaded after import = 34

========================================================================
Received Import Request.
  Time since last request: 0.000027 seconds.
  path: Assets/Cainos/Pixel Art Platformer - Village Props/Prefab/PF Village Props - Chest Silver.prefab
  artifactKey: Guid(7f2681b23c23afc4fbb43c6dca9f41f9) Importer(815301076,1909f56bfc062723c751e8b465ee728b)
Start importing Assets/Cainos/Pixel Art Platformer - Village Props/Prefab/PF Village Props - Chest Silver.prefab using Guid(7f2681b23c23afc4fbb43c6dca9f41f9) Importer(815301076,1909f56bfc062723c751e8b465ee728b) (PreviewImporter) -> (artifact id: 'd4511c10bce70f0b8260723ef4ccc745') in 0.1585379 seconds
Number of updated asset objects reloaded before import = 0Number of asset objects unloaded after import = 34

========================================================================
Received Import Request.
  Time since last request: 0.000031 seconds.
  path: Packages/com.unity.render-pipelines.core/Runtime/Debugging/Prefabs/Widgets/DebugUIBitField.prefab
  artifactKey: Guid(7c78b588b2e1f7c4a86ca4a985cf6e4a) Importer(815301076,1909f56bfc062723c751e8b465ee728b)
Start importing Packages/com.unity.render-pipelines.core/Runtime/Debugging/Prefabs/Widgets/DebugUIBitField.prefab using Guid(7c78b588b2e1f7c4a86ca4a985cf6e4a) Importer(815301076,1909f56bfc062723c751e8b465ee728b) (PreviewImporter) -> (artifact id: '67982cdc33c03dba1767836abfc2b750') in 0.0178125 seconds
Number of updated asset objects reloaded before import = 0Number of asset objects unloaded after import = 612

========================================================================
Received Import Request.
  Time since last request: 0.000040 seconds.
  path: Assets/Cainos/Pixel Art Platformer - Village Props/Prefab/PF Village Props - Cup.prefab
  artifactKey: Guid(4d8ad400922c4a343911784077c26568) Importer(815301076,1909f56bfc062723c751e8b465ee728b)
Start importing Assets/Cainos/Pixel Art Platformer - Village Props/Prefab/PF Village Props - Cup.prefab using Guid(4d8ad400922c4a343911784077c26568) Importer(815301076,1909f56bfc062723c751e8b465ee728b) (PreviewImporter) -> (artifact id: 'a02896950980d884f848176a73475f66') in 0.0238921 seconds
Number of updated asset objects reloaded before import = 0Number of asset objects unloaded after import = 10

========================================================================
Received Import Request.
  Time since last request: 0.000026 seconds.
  path: Packages/com.unity.render-pipelines.core/Runtime/Debugging/Prefabs/Widgets/DebugUIObjectList.prefab
  artifactKey: Guid(ad83bc56407925d44a77a5bd01cd6783) Importer(815301076,1909f56bfc062723c751e8b465ee728b)
Start importing Packages/com.unity.render-pipelines.core/Runtime/Debugging/Prefabs/Widgets/DebugUIObjectList.prefab using Guid(ad83bc56407925d44a77a5bd01cd6783) Importer(815301076,1909f56bfc062723c751e8b465ee728b) (PreviewImporter) -> (artifact id: '76a71d9cf0cf93dfb43a68c2f7f835d0') in 0.0038959 seconds
Number of updated asset objects reloaded before import = 0Number of asset objects unloaded after import = 27

========================================================================
Received Import Request.
  Time since last request: 0.000025 seconds.
  path: Packages/com.unity.render-pipelines.core/Runtime/Debugging/Prefabs/Widgets/DebugUIColor.prefab
  artifactKey: Guid(77c185820dd1a464eac89cae3abccddf) Importer(815301076,1909f56bfc062723c751e8b465ee728b)
Start importing Packages/com.unity.render-pipelines.core/Runtime/Debugging/Prefabs/Widgets/DebugUIColor.prefab using Guid(77c185820dd1a464eac89cae3abccddf) Importer(815301076,1909f56bfc062723c751e8b465ee728b) (PreviewImporter) -> (artifact id: '084c074f9e6ca8a67d5a815b8f8cce70') in 0.0060538 seconds
Number of updated asset objects reloaded before import = 0Number of asset objects unloaded after import = 82

========================================================================
Received Import Request.
  Time since last request: 0.000034 seconds.
  path: Packages/com.unity.render-pipelines.core/Runtime/Debugging/Prefabs/Widgets/DebugUIVector4.prefab
  artifactKey: Guid(d47f009476100f545971a81ede14c750) Importer(815301076,1909f56bfc062723c751e8b465ee728b)
Start importing Packages/com.unity.render-pipelines.core/Runtime/Debugging/Prefabs/Widgets/DebugUIVector4.prefab using Guid(d47f009476100f545971a81ede14c750) Importer(815301076,1909f56bfc062723c751e8b465ee728b) (PreviewImporter) -> (artifact id: '7ca318bffcaa457e44af8ccc03f6d35a') in 0.0112873 seconds
Number of updated asset objects reloaded before import = 0Number of asset objects unloaded after import = 78

========================================================================
Received Import Request.
  Time since last request: 0.000046 seconds.
  path: Assets/Cainos/Pixel Art Platformer - Village Props/Prefab/PF Village Props - Barricade.prefab
  artifactKey: Guid(e0868e2099f22704cb8f4781f4dffe5f) Importer(815301076,1909f56bfc062723c751e8b465ee728b)
Start importing Assets/Cainos/Pixel Art Platformer - Village Props/Prefab/PF Village Props - Barricade.prefab using Guid(e0868e2099f22704cb8f4781f4dffe5f) Importer(815301076,1909f56bfc062723c751e8b465ee728b) (PreviewImporter) -> (artifact id: '6278fee1f003194b9acbbefe43a51bbe') in 0.0211401 seconds
Number of updated asset objects reloaded before import = 0Number of asset objects unloaded after import = 8

========================================================================
Received Import Request.
  Time since last request: 0.000027 seconds.
  path: Assets/Cainos/Pixel Art Platformer - Village Props/Prefab/PF Village Props - Banner.prefab
  artifactKey: Guid(5fd9ed34f1f755643b41c4b41d7077e5) Importer(815301076,1909f56bfc062723c751e8b465ee728b)
Start importing Assets/Cainos/Pixel Art Platformer - Village Props/Prefab/PF Village Props - Banner.prefab using Guid(5fd9ed34f1f755643b41c4b41d7077e5) Importer(815301076,1909f56bfc062723c751e8b465ee728b) (PreviewImporter) -> (artifact id: '30bb0f04e53455d4c8977a2a0441886a') in 0.0197116 seconds
Number of updated asset objects reloaded before import = 0Number of asset objects unloaded after import = 14

========================================================================
Received Import Request.
  Time since last request: 0.000027 seconds.
  path: Assets/Cainos/Pixel Art Platformer - Village Props/Prefab/PF Village Props - Brick Wall 01.prefab
  artifactKey: Guid(d4071901789ed384389951219d1e0315) Importer(815301076,1909f56bfc062723c751e8b465ee728b)
Start importing Assets/Cainos/Pixel Art Platformer - Village Props/Prefab/PF Village Props - Brick Wall 01.prefab using Guid(d4071901789ed384389951219d1e0315) Importer(815301076,1909f56bfc062723c751e8b465ee728b) (PreviewImporter) -> (artifact id: '31142d0f05127c159b8b02e1c13b4082') in 0.018691 seconds
Number of updated asset objects reloaded before import = 0Number of asset objects unloaded after import = 8

========================================================================
Received Import Request.
  Time since last request: 1.045985 seconds.
  path: Assets/Cainos/Pixel Art Platformer - Village Props/Prefab/PF Village Props - Gravestone 03.prefab
  artifactKey: Guid(d6770ea3eabbc694a9bad4112d5af65b) Importer(815301076,1909f56bfc062723c751e8b465ee728b)
Start importing Assets/Cainos/Pixel Art Platformer - Village Props/Prefab/PF Village Props - Gravestone 03.prefab using Guid(d6770ea3eabbc694a9bad4112d5af65b) Importer(815301076,1909f56bfc062723c751e8b465ee728b) (PreviewImporter) -> (artifact id: '2b5c4680ea1a9c535c31cc8de66bf739') in 0.0168452 seconds
Number of updated asset objects reloaded before import = 0Number of asset objects unloaded after import = 8

========================================================================
Received Import Request.
  Time since last request: 0.000035 seconds.
  path: Assets/Cainos/Pixel Art Platformer - Village Props/Prefab/PF Village Props - Gunny Bag 02.prefab
  artifactKey: Guid(25f9f2235afcaca429284c9aec8982df) Importer(815301076,1909f56bfc062723c751e8b465ee728b)
Start importing Assets/Cainos/Pixel Art Platformer - Village Props/Prefab/PF Village Props - Gunny Bag 02.prefab using Guid(25f9f2235afcaca429284c9aec8982df) Importer(815301076,1909f56bfc062723c751e8b465ee728b) (PreviewImporter) -> (artifact id: '39eee8e4a14ff88e56a9f33d2f2133ca') in 0.0227837 seconds
Number of updated asset objects reloaded before import = 0Number of asset objects unloaded after import = 8

========================================================================
Received Import Request.
  Time since last request: 0.000031 seconds.
  path: Assets/Cainos/Pixel Art Platformer - Village Props/Prefab/PF Village Props - Jump Platform 01.prefab
  artifactKey: Guid(65321bf0311c2eb48be353666f829ca1) Importer(815301076,1909f56bfc062723c751e8b465ee728b)
Start importing Assets/Cainos/Pixel Art Platformer - Village Props/Prefab/PF Village Props - Jump Platform 01.prefab using Guid(65321bf0311c2eb48be353666f829ca1) Importer(815301076,1909f56bfc062723c751e8b465ee728b) (PreviewImporter) -> (artifact id: '4b7a6936412d0e6e73a8b65ecfb0471b') in 0.0221409 seconds
Number of updated asset objects reloaded before import = 0Number of asset objects unloaded after import = 9

========================================================================
Received Import Request.
  Time since last request: 0.000046 seconds.
  path: Assets/Cainos/Pixel Art Platformer - Village Props/Prefab/PF Village Props - Ladder 02.prefab
  artifactKey: Guid(7b51376ff9aae694dbc3f515f5737d84) Importer(815301076,1909f56bfc062723c751e8b465ee728b)
Start importing Assets/Cainos/Pixel Art Platformer - Village Props/Prefab/PF Village Props - Ladder 02.prefab using Guid(7b51376ff9aae694dbc3f515f5737d84) Importer(815301076,1909f56bfc062723c751e8b465ee728b) (PreviewImporter) -> (artifact id: '2d3b219984a600f87f3df5a06adeafb9') in 0.0188437 seconds
Number of updated asset objects reloaded before import = 0Number of asset objects unloaded after import = 28

========================================================================
Received Import Request.
  Time since last request: 0.000031 seconds.
  path: Assets/Cainos/Pixel Art Platformer - Village Props/Prefab/PF Village Props - Platform 01 L X1.prefab
  artifactKey: Guid(35ff5f2cc18840a4ca4ecf97ed2779c2) Importer(815301076,1909f56bfc062723c751e8b465ee728b)
Start importing Assets/Cainos/Pixel Art Platformer - Village Props/Prefab/PF Village Props - Platform 01 L X1.prefab using Guid(35ff5f2cc18840a4ca4ecf97ed2779c2) Importer(815301076,1909f56bfc062723c751e8b465ee728b) (PreviewImporter) -> (artifact id: 'b72088d5df98c196a936d1d5c5609e7b') in 0.0274168 seconds
Number of updated asset objects reloaded before import = 0Number of asset objects unloaded after import = 10

========================================================================
Received Import Request.
  Time since last request: 0.000030 seconds.
  path: Assets/Cainos/Pixel Art Platformer - Village Props/Prefab/PF Village Props - Rock 01.prefab
  artifactKey: Guid(8dab7379f6c67d9448d4c24d1eace61b) Importer(815301076,1909f56bfc062723c751e8b465ee728b)
Start importing Assets/Cainos/Pixel Art Platformer - Village Props/Prefab/PF Village Props - Rock 01.prefab using Guid(8dab7379f6c67d9448d4c24d1eace61b) Importer(815301076,1909f56bfc062723c751e8b465ee728b) (PreviewImporter) -> (artifact id: '67ef3e8c477b272897ead51f6151d77b') in 0.0192176 seconds
Number of updated asset objects reloaded before import = 0Number of asset objects unloaded after import = 8

========================================================================
Received Import Request.
  Time since last request: 0.000039 seconds.
  path: Assets/Cainos/Pixel Art Platformer - Village Props/Prefab/PF Village Props - Platform 01 R X2.prefab
  artifactKey: Guid(948a335f2eab4d944a21f7654ca9e467) Importer(815301076,1909f56bfc062723c751e8b465ee728b)
Start importing Assets/Cainos/Pixel Art Platformer - Village Props/Prefab/PF Village Props - Platform 01 R X2.prefab using Guid(948a335f2eab4d944a21f7654ca9e467) Importer(815301076,1909f56bfc062723c751e8b465ee728b) (PreviewImporter) -> (artifact id: '72cbaa2cc949a34881ecfabd1df1b458') in 0.0189642 seconds
Number of updated asset objects reloaded before import = 0Number of asset objects unloaded after import = 16

========================================================================
Received Import Request.
  Time since last request: 0.000029 seconds.
  path: Assets/Cainos/Pixel Art Platformer - Village Props/Prefab/PF Village Props - Sunflower 02.prefab
  artifactKey: Guid(d5f7066e247357149b9a778fcd53e819) Importer(815301076,1909f56bfc062723c751e8b465ee728b)
Start importing Assets/Cainos/Pixel Art Platformer - Village Props/Prefab/PF Village Props - Sunflower 02.prefab using Guid(d5f7066e247357149b9a778fcd53e819) Importer(815301076,1909f56bfc062723c751e8b465ee728b) (PreviewImporter) -> (artifact id: 'c4c220cadcc3d1ca416169a041b0a619') in 0.0208246 seconds
Number of updated asset objects reloaded before import = 0Number of asset objects unloaded after import = 8

========================================================================
Received Import Request.
  Time since last request: 0.000029 seconds.
  path: Assets/Cainos/Pixel Art Platformer - Village Props/Prefab/PF Village Props - Tree 02.prefab
  artifactKey: Guid(c5f8f079905bce04f945cd8ff4ba545a) Importer(815301076,1909f56bfc062723c751e8b465ee728b)
Start importing Assets/Cainos/Pixel Art Platformer - Village Props/Prefab/PF Village Props - Tree 02.prefab using Guid(c5f8f079905bce04f945cd8ff4ba545a) Importer(815301076,1909f56bfc062723c751e8b465ee728b) (PreviewImporter) -> (artifact id: '204361068e14cd04b4602d83536b863e') in 0.0293722 seconds
Number of updated asset objects reloaded before import = 0Number of asset objects unloaded after import = 8

========================================================================
Received Import Request.
  Time since last request: 0.000028 seconds.
  path: Assets/Cainos/Pixel Art Platformer - Village Props/Prefab/PF Village Props - Platform 01 R X1.prefab
  artifactKey: Guid(faa8413b1d9e4cd48ab117de84514e7c) Importer(815301076,1909f56bfc062723c751e8b465ee728b)
Start importing Assets/Cainos/Pixel Art Platformer - Village Props/Prefab/PF Village Props - Platform 01 R X1.prefab using Guid(faa8413b1d9e4cd48ab117de84514e7c) Importer(815301076,1909f56bfc062723c751e8b465ee728b) (PreviewImporter) -> (artifact id: 'bbeb973449d229fe36b9fa3a87d907c7') in 0.0370389 seconds
Number of updated asset objects reloaded before import = 0Number of asset objects unloaded after import = 10

========================================================================
Received Import Request.
  Time since last request: 0.000039 seconds.
  path: Assets/Cainos/Pixel Art Platformer - Village Props/Prefab/PF Village Props - Road Sign 01.prefab
  artifactKey: Guid(bbde5b0f2fde63f47aab9703a1e8e784) Importer(815301076,1909f56bfc062723c751e8b465ee728b)
Start importing Assets/Cainos/Pixel Art Platformer - Village Props/Prefab/PF Village Props - Road Sign 01.prefab using Guid(bbde5b0f2fde63f47aab9703a1e8e784) Importer(815301076,1909f56bfc062723c751e8b465ee728b) (PreviewImporter) -> (artifact id: '204fe2f5fe0f7ac733b591972f62e8c7') in 0.0195306 seconds
Number of updated asset objects reloaded before import = 0Number of asset objects unloaded after import = 12

========================================================================
Received Import Request.
  Time since last request: 0.000026 seconds.
  path: Assets/_Project/Art/TilePalettes/VillagePalette.prefab
  artifactKey: Guid(991e9bc2bcccf904a834d326a0231a1b) Importer(815301076,1909f56bfc062723c751e8b465ee728b)
Start importing Assets/_Project/Art/TilePalettes/VillagePalette.prefab using Guid(991e9bc2bcccf904a834d326a0231a1b) Importer(815301076,1909f56bfc062723c751e8b465ee728b) (PreviewImporter) -> (artifact id: '0fc18abc902661c0ab3e8a21267aa376') in 0.0320141 seconds
Number of updated asset objects reloaded before import = 0Number of asset objects unloaded after import = 10

========================================================================
Received Import Request.
  Time since last request: 0.000028 seconds.
  path: Assets/Cainos/Pixel Art Platformer - Village Props/Prefab/PF Village Props - Platform 01 L X2.prefab
  artifactKey: Guid(be45c7f16746c98428fc87d0d0f34226) Importer(815301076,1909f56bfc062723c751e8b465ee728b)
Start importing Assets/Cainos/Pixel Art Platformer - Village Props/Prefab/PF Village Props - Platform 01 L X2.prefab using Guid(be45c7f16746c98428fc87d0d0f34226) Importer(815301076,1909f56bfc062723c751e8b465ee728b) (PreviewImporter) -> (artifact id: '96ad5adc802fa9454a70e12010f372b3') in 0.0234104 seconds
Number of updated asset objects reloaded before import = 0Number of asset objects unloaded after import = 16

========================================================================
Received Import Request.
  Time since last request: 0.000040 seconds.
  path: Assets/Cainos/Pixel Art Platformer - Village Props/Prefab/PF Village Props - Wheat 01.prefab
  artifactKey: Guid(fc9968c4dc5d5264b89413cdfe5d303e) Importer(815301076,1909f56bfc062723c751e8b465ee728b)
Start importing Assets/Cainos/Pixel Art Platformer - Village Props/Prefab/PF Village Props - Wheat 01.prefab using Guid(fc9968c4dc5d5264b89413cdfe5d303e) Importer(815301076,1909f56bfc062723c751e8b465ee728b) (PreviewImporter) -> (artifact id: '1410bcd429b7d883adbf5abbecfd805c') in 0.026066 seconds
Number of updated asset objects reloaded before import = 0Number of asset objects unloaded after import = 8

========================================================================
Received Import Request.
  Time since last request: 0.000038 seconds.
  path: Assets/Cainos/Pixel Art Platformer - Village Props/Prefab/PF Village Props - Stairs X32.prefab
  artifactKey: Guid(16a652d6d18817e4e8c0a8a7fd59d143) Importer(815301076,1909f56bfc062723c751e8b465ee728b)
Start importing Assets/Cainos/Pixel Art Platformer - Village Props/Prefab/PF Village Props - Stairs X32.prefab using Guid(16a652d6d18817e4e8c0a8a7fd59d143) Importer(815301076,1909f56bfc062723c751e8b465ee728b) (PreviewImporter) -> (artifact id: '3d2401f75cc3851c39a175991d3d2201') in 0.0252258 seconds
Number of updated asset objects reloaded before import = 0Number of asset objects unloaded after import = 11

========================================================================
Received Import Request.
  Time since last request: 0.000026 seconds.
  path: Assets/Cainos/Pixel Art Platformer - Village Props/Prefab/PF Village Props - Sunflower 01.prefab
  artifactKey: Guid(295bb10ead83a4d44b8a1398a7f16c99) Importer(815301076,1909f56bfc062723c751e8b465ee728b)
Start importing Assets/Cainos/Pixel Art Platformer - Village Props/Prefab/PF Village Props - Sunflower 01.prefab using Guid(295bb10ead83a4d44b8a1398a7f16c99) Importer(815301076,1909f56bfc062723c751e8b465ee728b) (PreviewImporter) -> (artifact id: 'cdc9277cffd0b4690d9007693ab0fc0b') in 0.0211687 seconds
Number of updated asset objects reloaded before import = 0Number of asset objects unloaded after import = 8

========================================================================
Received Import Request.
  Time since last request: 0.000031 seconds.
  path: Assets/Cainos/Pixel Art Platformer - Village Props/Prefab/PF Village Props - Pot 02.prefab
  artifactKey: Guid(282d10bd840f2244d993130a17f23515) Importer(815301076,1909f56bfc062723c751e8b465ee728b)
Start importing Assets/Cainos/Pixel Art Platformer - Village Props/Prefab/PF Village Props - Pot 02.prefab using Guid(282d10bd840f2244d993130a17f23515) Importer(815301076,1909f56bfc062723c751e8b465ee728b) (PreviewImporter) -> (artifact id: '62a35c6fd612fa70d16a6c9f9195db72') in 0.0196598 seconds
Number of updated asset objects reloaded before import = 0Number of asset objects unloaded after import = 10

========================================================================
Received Prepare
Begin MonoManager ReloadAssembly
[Licensing::Client] Successfully resolved entitlement details
[Licensing::Module] License group:
  Id: F4-FDX7-899P-3D7X-9PB8-XXXX
  Product: Unity Personal
  Type: ULF
  Expiration: Unlimited
[Licensing::Module] License group:
  Id: 7972062332293-UnityPersXXXX
  Product: Unity Personal
  Type: Assigned
  Expiration: Unlimited
- Loaded All Assemblies, in  1.176 seconds
Refreshing native plugins compatible for Editor in 3.75 ms, found 5 plugins.
Native extension for Android target not found
Native extension for WindowsStandalone target not found
Native extension for WebGL target not found
[Package Manager] Failed to launch server process. Reason: Unity was launched with the -noUpm command-line argument
[Package Manager] Unable to send message (not connected to server process).
[Package Manager] Cannot connect to Unity Package Manager local server
[Package Manager] Failed to launch server process. Reason: Unity was launched with the -noUpm command-line argument
[Package Manager] Unable to send message (not connected to server process).
[Package Manager] Cannot connect to Unity Package Manager local server
ScheduleIndexationOnStartup MainProcess:False IndexOnStartup:True
Mono: successfully reloaded assembly
- Finished resetting the current domain, in  1.262 seconds
Domain Reload Profiling: 2439ms
	BeginReloadAssembly (310ms)
		ExecutionOrderSort (0ms)
		DisableScriptedObjects (45ms)
		BackupInstance (0ms)
		ReleaseScriptingObjects (0ms)
		CreateAndSetChildDomain (66ms)
	RebuildCommonClasses (47ms)
	RebuildNativeTypeToScriptingClass (20ms)
	initialDomainReloadingComplete (36ms)
	LoadAllAssembliesAndSetupDomain (765ms)
		LoadAssemblies (585ms)
		RebuildTransferFunctionScriptingTraits (0ms)
		AnalyzeDomain (320ms)
			TypeCache.Refresh (11ms)
				TypeCache.ScanAssembly (0ms)
			BuildScriptInfoCaches (288ms)
			ResolveRequiredComponents (16ms)
	FinalizeReload (1262ms)
		ReleaseScriptCaches (0ms)
		RebuildScriptCaches (0ms)
		SetupLoadedEditorAssemblies (1031ms)
			LogAssemblyErrors (0ms)
			InitializePlatformSupportModulesInManaged (12ms)
			SetLoadedEditorAssemblies (7ms)
			BeforeProcessingInitializeOnLoad (316ms)
			ProcessInitializeOnLoadAttributes (566ms)
			ProcessInitializeOnLoadMethodAttributes (126ms)
			AfterProcessingInitializeOnLoad (3ms)
			EditorAssembliesLoaded (0ms)
		ExecutionOrderSort2 (0ms)
		AwakeInstancesAfterBackupRestoration (23ms)
Refreshing native plugins compatible for Editor in 3.66 ms, found 5 plugins.
Preloading 0 native plugins for Editor in 0.00 ms.
Unloading 16 Unused Serialized files (Serialized files now loaded: 0)
Unloading 7263 unused Assets / (4.1 MB). Loaded Objects now: 8270.
Memory consumption went from 170.7 MB to 166.6 MB.
Total: 11.377400 ms (FindLiveObjects: 1.048500 ms CreateObjectMapping: 0.727300 ms MarkObjects: 6.871400 ms  DeleteObjects: 2.728500 ms)

Prepare: number of updated asset objects reloaded= 0
========================================================================
Received Prepare
Begin MonoManager ReloadAssembly
- Loaded All Assemblies, in  1.139 seconds
Refreshing native plugins compatible for Editor in 4.20 ms, found 5 plugins.
Native extension for Android target not found
Native extension for WindowsStandalone target not found
Native extension for WebGL target not found
[Package Manager] Failed to launch server process. Reason: Unity was launched with the -noUpm command-line argument
[Package Manager] Unable to send message (not connected to server process).
[Package Manager] Cannot connect to Unity Package Manager local server
[Package Manager] Failed to launch server process. Reason: Unity was launched with the -noUpm command-line argument
[Package Manager] Unable to send message (not connected to server process).
[Package Manager] Cannot connect to Unity Package Manager local server
ScheduleIndexationOnStartup MainProcess:False IndexOnStartup:True
Mono: successfully reloaded assembly
- Finished resetting the current domain, in  1.255 seconds
Domain Reload Profiling: 2396ms
	BeginReloadAssembly (282ms)
		ExecutionOrderSort (0ms)
		DisableScriptedObjects (20ms)
		BackupInstance (0ms)
		ReleaseScriptingObjects (0ms)
		CreateAndSetChildDomain (59ms)
	RebuildCommonClasses (47ms)
	RebuildNativeTypeToScriptingClass (20ms)
	initialDomainReloadingComplete (35ms)
	LoadAllAssembliesAndSetupDomain (757ms)
		LoadAssemblies (562ms)
		RebuildTransferFunctionScriptingTraits (0ms)
		AnalyzeDomain (329ms)
			TypeCache.Refresh (11ms)
				TypeCache.ScanAssembly (0ms)
			BuildScriptInfoCaches (296ms)
			ResolveRequiredComponents (16ms)
	FinalizeReload (1255ms)
		ReleaseScriptCaches (0ms)
		RebuildScriptCaches (0ms)
		SetupLoadedEditorAssemblies (1024ms)
			LogAssemblyErrors (0ms)
			InitializePlatformSupportModulesInManaged (12ms)
			SetLoadedEditorAssemblies (7ms)
			BeforeProcessingInitializeOnLoad (312ms)
			ProcessInitializeOnLoadAttributes (562ms)
			ProcessInitializeOnLoadMethodAttributes (127ms)
			AfterProcessingInitializeOnLoad (3ms)
			EditorAssembliesLoaded (0ms)
		ExecutionOrderSort2 (0ms)
		AwakeInstancesAfterBackupRestoration (23ms)
Refreshing native plugins compatible for Editor in 3.96 ms, found 5 plugins.
Preloading 0 native plugins for Editor in 0.00 ms.
Unloading 16 Unused Serialized files (Serialized files now loaded: 0)
Unloading 7262 unused Assets / (4.4 MB). Loaded Objects now: 8273.
Memory consumption went from 170.6 MB to 166.2 MB.
Total: 11.736000 ms (FindLiveObjects: 1.062600 ms CreateObjectMapping: 0.808200 ms MarkObjects: 7.087300 ms  DeleteObjects: 2.776400 ms)

Prepare: number of updated asset objects reloaded= 0
========================================================================
Received Prepare
Begin MonoManager ReloadAssembly
[Licensing::Client] Successfully resolved entitlement details
[Licensing::Module] License group:
  Id: F4-FDX7-899P-3D7X-9PB8-XXXX
  Product: Unity Personal
  Type: ULF
  Expiration: Unlimited
[Licensing::Module] License group:
  Id: 7972062332293-UnityPersXXXX
  Product: Unity Personal
  Type: Assigned
  Expiration: Unlimited
- Loaded All Assemblies, in  1.177 seconds
Refreshing native plugins compatible for Editor in 3.88 ms, found 5 plugins.
Native extension for Android target not found
Native extension for WindowsStandalone target not found
Native extension for WebGL target not found
[Package Manager] Failed to launch server process. Reason: Unity was launched with the -noUpm command-line argument
[Package Manager] Unable to send message (not connected to server process).
[Package Manager] Cannot connect to Unity Package Manager local server
[Package Manager] Failed to launch server process. Reason: Unity was launched with the -noUpm command-line argument
[Package Manager] Unable to send message (not connected to server process).
[Package Manager] Cannot connect to Unity Package Manager local server
ScheduleIndexationOnStartup MainProcess:False IndexOnStartup:True
Mono: successfully reloaded assembly
- Finished resetting the current domain, in  1.258 seconds
Domain Reload Profiling: 2438ms
	BeginReloadAssembly (296ms)
		ExecutionOrderSort (0ms)
		DisableScriptedObjects (21ms)
		BackupInstance (0ms)
		ReleaseScriptingObjects (0ms)
		CreateAndSetChildDomain (58ms)
	RebuildCommonClasses (49ms)
	RebuildNativeTypeToScriptingClass (20ms)
	initialDomainReloadingComplete (39ms)
	LoadAllAssembliesAndSetupDomain (776ms)
		LoadAssemblies (594ms)
		RebuildTransferFunctionScriptingTraits (0ms)
		AnalyzeDomain (325ms)
			TypeCache.Refresh (12ms)
				TypeCache.ScanAssembly (0ms)
			BuildScriptInfoCaches (292ms)
			ResolveRequiredComponents (16ms)
	FinalizeReload (1258ms)
		ReleaseScriptCaches (0ms)
		RebuildScriptCaches (0ms)
		SetupLoadedEditorAssemblies (1024ms)
			LogAssemblyErrors (0ms)
			InitializePlatformSupportModulesInManaged (12ms)
			SetLoadedEditorAssemblies (7ms)
			BeforeProcessingInitializeOnLoad (315ms)
			ProcessInitializeOnLoadAttributes (564ms)
			ProcessInitializeOnLoadMethodAttributes (123ms)
			AfterProcessingInitializeOnLoad (3ms)
			EditorAssembliesLoaded (0ms)
		ExecutionOrderSort2 (0ms)
		AwakeInstancesAfterBackupRestoration (23ms)
Refreshing native plugins compatible for Editor in 3.99 ms, found 5 plugins.
Preloading 0 native plugins for Editor in 0.00 ms.
Unloading 16 Unused Serialized files (Serialized files now loaded: 0)
Unloading 7262 unused Assets / (4.4 MB). Loaded Objects now: 8276.
Memory consumption went from 170.7 MB to 166.3 MB.
Total: 11.002400 ms (FindLiveObjects: 1.157800 ms CreateObjectMapping: 0.841100 ms MarkObjects: 6.335200 ms  DeleteObjects: 2.666500 ms)

Prepare: number of updated asset objects reloaded= 0
========================================================================
Received Prepare
Begin MonoManager ReloadAssembly
- Loaded All Assemblies, in  1.164 seconds
Refreshing native plugins compatible for Editor in 4.00 ms, found 5 plugins.
Native extension for Android target not found
Native extension for WindowsStandalone target not found
Native extension for WebGL target not found
[Package Manager] Failed to launch server process. Reason: Unity was launched with the -noUpm command-line argument
[Package Manager] Unable to send message (not connected to server process).
[Package Manager] Cannot connect to Unity Package Manager local server
[Package Manager] Failed to launch server process. Reason: Unity was launched with the -noUpm command-line argument
[Package Manager] Unable to send message (not connected to server process).
[Package Manager] Cannot connect to Unity Package Manager local server
ScheduleIndexationOnStartup MainProcess:False IndexOnStartup:True
Mono: successfully reloaded assembly
- Finished resetting the current domain, in  1.295 seconds
Domain Reload Profiling: 2463ms
	BeginReloadAssembly (281ms)
		ExecutionOrderSort (0ms)
		DisableScriptedObjects (20ms)
		BackupInstance (0ms)
		ReleaseScriptingObjects (0ms)
		CreateAndSetChildDomain (54ms)
	RebuildCommonClasses (47ms)
	RebuildNativeTypeToScriptingClass (19ms)
	initialDomainReloadingComplete (41ms)
	LoadAllAssembliesAndSetupDomain (778ms)
		LoadAssemblies (593ms)
		RebuildTransferFunctionScriptingTraits (0ms)
		AnalyzeDomain (324ms)
			TypeCache.Refresh (11ms)
				TypeCache.ScanAssembly (0ms)
			BuildScriptInfoCaches (292ms)
			ResolveRequiredComponents (16ms)
	FinalizeReload (1296ms)
		ReleaseScriptCaches (0ms)
		RebuildScriptCaches (0ms)
		SetupLoadedEditorAssemblies (1063ms)
			LogAssemblyErrors (0ms)
			InitializePlatformSupportModulesInManaged (12ms)
			SetLoadedEditorAssemblies (7ms)
			BeforeProcessingInitializeOnLoad (327ms)
			ProcessInitializeOnLoadAttributes (589ms)
			ProcessInitializeOnLoadMethodAttributes (124ms)
			AfterProcessingInitializeOnLoad (3ms)
			EditorAssembliesLoaded (0ms)
		ExecutionOrderSort2 (0ms)
		AwakeInstancesAfterBackupRestoration (23ms)
Refreshing native plugins compatible for Editor in 4.33 ms, found 5 plugins.
Preloading 0 native plugins for Editor in 0.00 ms.
Unloading 16 Unused Serialized files (Serialized files now loaded: 0)
Unloading 7262 unused Assets / (4.4 MB). Loaded Objects now: 8279.
Memory consumption went from 170.6 MB to 166.3 MB.
Total: 10.924200 ms (FindLiveObjects: 1.033400 ms CreateObjectMapping: 0.660300 ms MarkObjects: 6.539100 ms  DeleteObjects: 2.689100 ms)

Prepare: number of updated asset objects reloaded= 0
========================================================================
Received Import Request.
  Time since last request: 261.653382 seconds.
  path: Assets/GDD - Quinnipiac/Pixel Art Character Package/Characters/Puppeteer/Puppeteer Grey/Puppeteer Grey.controller
  artifactKey: Guid(33f041fe38a8b3248884fd6d64861315) Importer(815301076,1909f56bfc062723c751e8b465ee728b)
Start importing Assets/GDD - Quinnipiac/Pixel Art Character Package/Characters/Puppeteer/Puppeteer Grey/Puppeteer Grey.controller using Guid(33f041fe38a8b3248884fd6d64861315) Importer(815301076,1909f56bfc062723c751e8b465ee728b) (PreviewImporter) -> (artifact id: '3df37da5470f5d5ec6202f5fe6e27d32') in 0.0508292 seconds
Number of updated asset objects reloaded before import = 0Number of asset objects unloaded after import = 18

========================================================================
Received Prepare
Begin MonoManager ReloadAssembly
[Licensing::Client] Successfully resolved entitlement details
[Licensing::Module] License group:
  Id: F4-FDX7-899P-3D7X-9PB8-XXXX
  Product: Unity Personal
  Type: ULF
  Expiration: Unlimited
[Licensing::Module] License group:
  Id: 7972062332293-UnityPersXXXX
  Product: Unity Personal
  Type: Assigned
  Expiration: Unlimited
- Loaded All Assemblies, in  1.147 seconds
Refreshing native plugins compatible for Editor in 3.78 ms, found 5 plugins.
Native extension for Android target not found
Native extension for WindowsStandalone target not found
Native extension for WebGL target not found
[Package Manager] Failed to launch server process. Reason: Unity was launched with the -noUpm command-line argument
[Package Manager] Unable to send message (not connected to server process).
[Package Manager] Cannot connect to Unity Package Manager local server
[Package Manager] Failed to launch server process. Reason: Unity was launched with the -noUpm command-line argument
[Package Manager] Unable to send message (not connected to server process).
[Package Manager] Cannot connect to Unity Package Manager local server
ScheduleIndexationOnStartup MainProcess:False IndexOnStartup:True
Mono: successfully reloaded assembly
- Finished resetting the current domain, in  1.251 seconds
Domain Reload Profiling: 2401ms
	BeginReloadAssembly (286ms)
		ExecutionOrderSort (0ms)
		DisableScriptedObjects (20ms)
		BackupInstance (0ms)
		ReleaseScriptingObjects (0ms)
		CreateAndSetChildDomain (63ms)
	RebuildCommonClasses (46ms)
	RebuildNativeTypeToScriptingClass (20ms)
	initialDomainReloadingComplete (35ms)
	LoadAllAssembliesAndSetupDomain (763ms)
		LoadAssemblies (577ms)
		RebuildTransferFunctionScriptingTraits (0ms)
		AnalyzeDomain (319ms)
			TypeCache.Refresh (11ms)
				TypeCache.ScanAssembly (0ms)
			BuildScriptInfoCaches (286ms)
			ResolveRequiredComponents (16ms)
	FinalizeReload (1252ms)
		ReleaseScriptCaches (0ms)
		RebuildScriptCaches (0ms)
		SetupLoadedEditorAssemblies (1021ms)
			LogAssemblyErrors (0ms)
			InitializePlatformSupportModulesInManaged (12ms)
			SetLoadedEditorAssemblies (7ms)
			BeforeProcessingInitializeOnLoad (315ms)
			ProcessInitializeOnLoadAttributes (560ms)
			ProcessInitializeOnLoadMethodAttributes (123ms)
			AfterProcessingInitializeOnLoad (3ms)
			EditorAssembliesLoaded (0ms)
		ExecutionOrderSort2 (0ms)
		AwakeInstancesAfterBackupRestoration (22ms)
Refreshing native plugins compatible for Editor in 3.53 ms, found 5 plugins.
Preloading 0 native plugins for Editor in 0.00 ms.
Unloading 16 Unused Serialized files (Serialized files now loaded: 0)
Unloading 7262 unused Assets / (4.1 MB). Loaded Objects now: 8282.
Memory consumption went from 170.8 MB to 166.7 MB.
Total: 10.948400 ms (FindLiveObjects: 1.047400 ms CreateObjectMapping: 0.762800 ms MarkObjects: 6.606700 ms  DeleteObjects: 2.529900 ms)

Prepare: number of updated asset objects reloaded= 0
========================================================================
Received Import Request.
  Time since last request: 45.298438 seconds.
  path: Assets/GDD - Quinnipiac/Pixel Art Character Package/Characters/Puppeteer/Puppeteer Grey/Idle.anim
  artifactKey: Guid(1cf9991ee1ede1b45935700e6c873b8b) Importer(815301076,1909f56bfc062723c751e8b465ee728b)
Start importing Assets/GDD - Quinnipiac/Pixel Art Character Package/Characters/Puppeteer/Puppeteer Grey/Idle.anim using Guid(1cf9991ee1ede1b45935700e6c873b8b) Importer(815301076,1909f56bfc062723c751e8b465ee728b) (PreviewImporter) -> (artifact id: 'a81491f910cba60d304d8c7762c1f5f8') in 0.0352491 seconds
Number of updated asset objects reloaded before import = 0Number of asset objects unloaded after import = 1

========================================================================
Received Prepare
Begin MonoManager ReloadAssembly
[Licensing::Client] Successfully resolved entitlement details
[Licensing::Module] License group:
  Id: F4-FDX7-899P-3D7X-9PB8-XXXX
  Product: Unity Personal
  Type: ULF
  Expiration: Unlimited
[Licensing::Module] License group:
  Id: 7972062332293-UnityPersXXXX
  Product: Unity Personal
  Type: Assigned
  Expiration: Unlimited
- Loaded All Assemblies, in  1.222 seconds
Refreshing native plugins compatible for Editor in 3.37 ms, found 5 plugins.
Native extension for Android target not found
Native extension for WindowsStandalone target not found
Native extension for WebGL target not found
[Package Manager] Failed to launch server process. Reason: Unity was launched with the -noUpm command-line argument
[Package Manager] Unable to send message (not connected to server process).
[Package Manager] Cannot connect to Unity Package Manager local server
[Package Manager] Failed to launch server process. Reason: Unity was launched with the -noUpm command-line argument
[Package Manager] Unable to send message (not connected to server process).
[Package Manager] Cannot connect to Unity Package Manager local server
ScheduleIndexationOnStartup MainProcess:False IndexOnStartup:True
Mono: successfully reloaded assembly
- Finished resetting the current domain, in  1.272 seconds
Domain Reload Profiling: 2496ms
	BeginReloadAssembly (304ms)
		ExecutionOrderSort (0ms)
		DisableScriptedObjects (23ms)
		BackupInstance (0ms)
		ReleaseScriptingObjects (0ms)
		CreateAndSetChildDomain (66ms)
	RebuildCommonClasses (48ms)
	RebuildNativeTypeToScriptingClass (20ms)
	initialDomainReloadingComplete (42ms)
	LoadAllAssembliesAndSetupDomain (810ms)
		LoadAssemblies (615ms)
		RebuildTransferFunctionScriptingTraits (0ms)
		AnalyzeDomain (337ms)
			TypeCache.Refresh (11ms)
				TypeCache.ScanAssembly (0ms)
			BuildScriptInfoCaches (304ms)
			ResolveRequiredComponents (16ms)
	FinalizeReload (1272ms)
		ReleaseScriptCaches (0ms)
		RebuildScriptCaches (0ms)
		SetupLoadedEditorAssemblies (1042ms)
			LogAssemblyErrors (0ms)
			InitializePlatformSupportModulesInManaged (12ms)
			SetLoadedEditorAssemblies (8ms)
			BeforeProcessingInitializeOnLoad (308ms)
			ProcessInitializeOnLoadAttributes (588ms)
			ProcessInitializeOnLoadMethodAttributes (122ms)
			AfterProcessingInitializeOnLoad (4ms)
			EditorAssembliesLoaded (0ms)
		ExecutionOrderSort2 (0ms)
		AwakeInstancesAfterBackupRestoration (23ms)
Refreshing native plugins compatible for Editor in 3.83 ms, found 5 plugins.
Preloading 0 native plugins for Editor in 0.00 ms.
Unloading 16 Unused Serialized files (Serialized files now loaded: 0)
Unloading 7262 unused Assets / (4.2 MB). Loaded Objects now: 8285.
Memory consumption went from 170.8 MB to 166.6 MB.
Total: 11.001200 ms (FindLiveObjects: 1.045500 ms CreateObjectMapping: 0.716900 ms MarkObjects: 6.768100 ms  DeleteObjects: 2.469400 ms)

Prepare: number of updated asset objects reloaded= 0
========================================================================
Received Import Request.
  Time since last request: 1978.084517 seconds.
  path: Assets/GDD - Quinnipiac/Pixel Art Character Package/Characters/Puppeteer/Puppeteer Grey/Hit.anim
  artifactKey: Guid(9356125b49dcc4645a639c5c5304a0ad) Importer(815301076,1909f56bfc062723c751e8b465ee728b)
Start importing Assets/GDD - Quinnipiac/Pixel Art Character Package/Characters/Puppeteer/Puppeteer Grey/Hit.anim using Guid(9356125b49dcc4645a639c5c5304a0ad) Importer(815301076,1909f56bfc062723c751e8b465ee728b) (PreviewImporter) -> (artifact id: '6b42a5c45faf335515fb9298e400fa63') in 0.0375214 seconds
Number of updated asset objects reloaded before import = 0Number of asset objects unloaded after import = 1

========================================================================
Received Import Request.
  Time since last request: 1.669452 seconds.
  path: Assets/GDD - Quinnipiac/Pixel Art Character Package/Characters/Puppeteer/Puppeteer Grey/Death.anim
  artifactKey: Guid(5accf0ce949399c44b62804e8b038de7) Importer(815301076,1909f56bfc062723c751e8b465ee728b)
Start importing Assets/GDD - Quinnipiac/Pixel Art Character Package/Characters/Puppeteer/Puppeteer Grey/Death.anim using Guid(5accf0ce949399c44b62804e8b038de7) Importer(815301076,1909f56bfc062723c751e8b465ee728b) (PreviewImporter) -> (artifact id: '71f7afee043ed750b71aefb87808386a') in 0.0016109 seconds
Number of updated asset objects reloaded before import = 0Number of asset objects unloaded after import = 1

========================================================================
Received Import Request.
  Time since last request: 100.049757 seconds.
  path: Assets/_Project/Art/TilePalettes
  artifactKey: Guid(e38cac9079a741044bc90b20b3ed3355) Importer(815301076,1909f56bfc062723c751e8b465ee728b)
Start importing Assets/_Project/Art/TilePalettes using Guid(e38cac9079a741044bc90b20b3ed3355) Importer(815301076,1909f56bfc062723c751e8b465ee728b) (PreviewImporter) -> (artifact id: 'dede48391f74babd85b12a0cffbc2130') in 0.0006828 seconds
Number of updated asset objects reloaded before import = 0Number of asset objects unloaded after import = 0

========================================================================
Received Import Request.
  Time since last request: 0.775624 seconds.
  path: Assets/_Project/Art/Animations/Player
  artifactKey: Guid(8f991c524c7893741bcaa09a81fc3654) Importer(815301076,1909f56bfc062723c751e8b465ee728b)
Start importing Assets/_Project/Art/Animations/Player using Guid(8f991c524c7893741bcaa09a81fc3654) Importer(815301076,1909f56bfc062723c751e8b465ee728b) (PreviewImporter) -> (artifact id: 'f6e586f9a6446d193109b40488338bcf') in 0.0006816 seconds
Number of updated asset objects reloaded before import = 0Number of asset objects unloaded after import = 0

========================================================================
Received Import Request.
  Time since last request: 0.419410 seconds.
  path: Assets/_Project/Art/Animations/Player/New Animation.anim
  artifactKey: Guid(a8f78a3edb9387a44a95e930bcba6f3e) Importer(815301076,1909f56bfc062723c751e8b465ee728b)
Start importing Assets/_Project/Art/Animations/Player/New Animation.anim using Guid(a8f78a3edb9387a44a95e930bcba6f3e) Importer(815301076,1909f56bfc062723c751e8b465ee728b) (PreviewImporter) -> (artifact id: 'db8f917c22c6d996d619cebb9edb8ae0') in 0.0015965 seconds
Number of updated asset objects reloaded before import = 0Number of asset objects unloaded after import = 1

========================================================================
Received Import Request.
  Time since last request: 1.884597 seconds.
  path: Assets/GDD - Quinnipiac/Pixel Art Character Package/Weapons/Speckles Weapons/Spritesheets/Grey Speckle Projectile.png
  artifactKey: Guid(9b3951b9a79bae242bc0703e11986f77) Importer(2089858483,b0f066a214c2f5e87bad3c948f4d605d)
Start importing Assets/GDD - Quinnipiac/Pixel Art Character Package/Weapons/Speckles Weapons/Spritesheets/Grey Speckle Projectile.png using Guid(9b3951b9a79bae242bc0703e11986f77) Importer(2089858483,b0f066a214c2f5e87bad3c948f4d605d) (ScriptedImporter) -> (artifact id: '4cea57a0f167e7744e016442ec211fc6') in 0.2832249 seconds
Number of updated asset objects reloaded before import = 0Number of asset objects unloaded after import = 10

========================================================================
Received Import Request.
  Time since last request: 0.000025 seconds.
  path: Assets/GDD - Quinnipiac/Pixel Art Character Package/Characters/Deton/Deton Blue/Deton Turn 3-Sheet.png
  artifactKey: Guid(645227d9c1f33e44bb1d52de87260a6d) Importer(2089858483,b0f066a214c2f5e87bad3c948f4d605d)
Start importing Assets/GDD - Quinnipiac/Pixel Art Character Package/Characters/Deton/Deton Blue/Deton Turn 3-Sheet.png using Guid(645227d9c1f33e44bb1d52de87260a6d) Importer(2089858483,b0f066a214c2f5e87bad3c948f4d605d) (ScriptedImporter) -> (artifact id: '029d092c5e318bdb70095cfdeaf59ab8') in 0.0473074 seconds
Number of updated asset objects reloaded before import = 0Number of asset objects unloaded after import = 7

========================================================================
Received Import Request.
  Time since last request: 0.000028 seconds.
  path: Assets/_Project/Art/Animations/Player/Player_Idle.anim
  artifactKey: Guid(a8f78a3edb9387a44a95e930bcba6f3e) Importer(815301076,1909f56bfc062723c751e8b465ee728b)
Start importing Assets/_Project/Art/Animations/Player/Player_Idle.anim using Guid(a8f78a3edb9387a44a95e930bcba6f3e) Importer(815301076,1909f56bfc062723c751e8b465ee728b) (PreviewImporter) -> (artifact id: '17286d5967e086b20442ff6b7c98cd94') in 0.0013643 seconds
Number of updated asset objects reloaded before import = 0Number of asset objects unloaded after import = 1

========================================================================
Received Import Request.
  Time since last request: 0.318124 seconds.
  path: Assets/GDD - Quinnipiac/Pixel Art Character Package/Characters/Koboiled/Koboiled Red/Koboiled_run_full-Sheet.png
  artifactKey: Guid(70f7eb3ef0850664486c2869d8507c41) Importer(2089858483,b0f066a214c2f5e87bad3c948f4d605d)
Start importing Assets/GDD - Quinnipiac/Pixel Art Character Package/Characters/Koboiled/Koboiled Red/Koboiled_run_full-Sheet.png using Guid(70f7eb3ef0850664486c2869d8507c41) Importer(2089858483,b0f066a214c2f5e87bad3c948f4d605d) (ScriptedImporter) -> (artifact id: '45a273a32ab8a83f57a3699b2bd34bef') in 0.0329811 seconds
Number of updated asset objects reloaded before import = 0Number of asset objects unloaded after import = 6

========================================================================
Received Import Request.
  Time since last request: 0.000025 seconds.
  path: Assets/GDD - Quinnipiac/Pixel Art Character Package/Characters/Koboiled/Koboiled Orange/Idle.anim
  artifactKey: Guid(6a3823cdc12bce740a4c2e9840e707d9) Importer(2089858483,b0f066a214c2f5e87bad3c948f4d605d)
Start importing Assets/GDD - Quinnipiac/Pixel Art Character Package/Characters/Koboiled/Koboiled Orange/Idle.anim using Guid(6a3823cdc12bce740a4c2e9840e707d9) Importer(2089858483,b0f066a214c2f5e87bad3c948f4d605d) (ScriptedImporter) -> (artifact id: 'cb04ef2ba0dc70113a7faeb0498c7d24') in 0.0539779 seconds
Number of updated asset objects reloaded before import = 0Number of asset objects unloaded after import = 1

========================================================================
Received Import Request.
  Time since last request: 0.611597 seconds.
  path: Assets/GDD - Quinnipiac/Pixel Art Character Package/Characters/Goop/Goop Blue/Death.anim
  artifactKey: Guid(d3ed5479f5f5912439ea9b763a456b53) Importer(2089858483,b0f066a214c2f5e87bad3c948f4d605d)
Start importing Assets/GDD - Quinnipiac/Pixel Art Character Package/Characters/Goop/Goop Blue/Death.anim using Guid(d3ed5479f5f5912439ea9b763a456b53) Importer(2089858483,b0f066a214c2f5e87bad3c948f4d605d) (ScriptedImporter) -> (artifact id: '852768c7b2117528d9ce0d61eedb0a28') in 0.0254046 seconds
Number of updated asset objects reloaded before import = 0Number of asset objects unloaded after import = 1

========================================================================
Received Import Request.
  Time since last request: 0.000020 seconds.
  path: Assets/GDD - Quinnipiac/Pixel Art Character Package/Characters/Goop/Goop Blue/Walk.anim
  artifactKey: Guid(eaf8674400e7048449aaa3887b4e1c32) Importer(2089858483,b0f066a214c2f5e87bad3c948f4d605d)
Start importing Assets/GDD - Quinnipiac/Pixel Art Character Package/Characters/Goop/Goop Blue/Walk.anim using Guid(eaf8674400e7048449aaa3887b4e1c32) Importer(2089858483,b0f066a214c2f5e87bad3c948f4d605d) (ScriptedImporter) -> (artifact id: '212db808a654bb879c36cc29d2735f69') in 0.0127227 seconds
Number of updated asset objects reloaded before import = 0Number of asset objects unloaded after import = 1

========================================================================
Received Import Request.
  Time since last request: 0.710319 seconds.
  path: Assets/GDD - Quinnipiac/Pixel Art Character Package/Characters/Goop/Goop Red/goop_death-Sheet.png
  artifactKey: Guid(f4e4daea8cc8b0044847605094b88433) Importer(2089858483,b0f066a214c2f5e87bad3c948f4d605d)
Start importing Assets/GDD - Quinnipiac/Pixel Art Character Package/Characters/Goop/Goop Red/goop_death-Sheet.png using Guid(f4e4daea8cc8b0044847605094b88433) Importer(2089858483,b0f066a214c2f5e87bad3c948f4d605d) (ScriptedImporter) -> (artifact id: 'b31089938af2fb133bc7ca065b89bfe1') in 0.0684519 seconds
Number of updated asset objects reloaded before import = 0Number of asset objects unloaded after import = 15

========================================================================
Received Import Request.
  Time since last request: 0.000023 seconds.
  path: Assets/GDD - Quinnipiac/Pixel Art Character Package/Characters/Deton/Deton Green/Walk.anim
  artifactKey: Guid(195c18dc3d824a349a5eef767f83bd3f) Importer(2089858483,b0f066a214c2f5e87bad3c948f4d605d)
Start importing Assets/GDD - Quinnipiac/Pixel Art Character Package/Characters/Deton/Deton Green/Walk.anim using Guid(195c18dc3d824a349a5eef767f83bd3f) Importer(2089858483,b0f066a214c2f5e87bad3c948f4d605d) (ScriptedImporter) -> (artifact id: '5d786d504a93c2874db1983a24b07a5e') in 0.0203136 seconds
Number of updated asset objects reloaded before import = 0Number of asset objects unloaded after import = 1

========================================================================
Received Import Request.
  Time since last request: 0.673034 seconds.
  path: Assets/GDD - Quinnipiac/Pixel Art Character Package/Weapons/Deton Weapons/Deton Blue Gun.png
  artifactKey: Guid(e03923f4febfa334ba737a766f0ef0d6) Importer(2089858483,b0f066a214c2f5e87bad3c948f4d605d)
Start importing Assets/GDD - Quinnipiac/Pixel Art Character Package/Weapons/Deton Weapons/Deton Blue Gun.png using Guid(e03923f4febfa334ba737a766f0ef0d6) Importer(2089858483,b0f066a214c2f5e87bad3c948f4d605d) (ScriptedImporter) -> (artifact id: '9c7aa7c7a39bbec58ce86d87545809df') in 0.0389899 seconds
Number of updated asset objects reloaded before import = 0Number of asset objects unloaded after import = 3

========================================================================
Received Import Request.
  Time since last request: 0.000055 seconds.
  path: Assets/GDD - Quinnipiac/Pixel Art Character Package/Characters/Deton/Deton Green/Deton Death 2-Sheet.png
  artifactKey: Guid(d8c2be6eb4f7eb34f93eb254fa13b749) Importer(2089858483,b0f066a214c2f5e87bad3c948f4d605d)
Start importing Assets/GDD - Quinnipiac/Pixel Art Character Package/Characters/Deton/Deton Green/Deton Death 2-Sheet.png using Guid(d8c2be6eb4f7eb34f93eb254fa13b749) Importer(2089858483,b0f066a214c2f5e87bad3c948f4d605d) (ScriptedImporter) -> (artifact id: 'f80037b3bb1c3095430b9d57bfc5f686') in 0.0839184 seconds
Number of updated asset objects reloaded before import = 0Number of asset objects unloaded after import = 15

========================================================================
Received Import Request.
  Time since last request: 0.636925 seconds.
  path: Assets/GDD - Quinnipiac/Pixel Art Character Package/Characters/Deton/Deton Green/Hit.anim
  artifactKey: Guid(a87bc3a4265040a4185d94479fe9488e) Importer(2089858483,b0f066a214c2f5e87bad3c948f4d605d)
Start importing Assets/GDD - Quinnipiac/Pixel Art Character Package/Characters/Deton/Deton Green/Hit.anim using Guid(a87bc3a4265040a4185d94479fe9488e) Importer(2089858483,b0f066a214c2f5e87bad3c948f4d605d) (ScriptedImporter) -> (artifact id: '8def6acb4994b97c4a14d51b5a3fde1b') in 0.0215953 seconds
Number of updated asset objects reloaded before import = 0Number of asset objects unloaded after import = 1

========================================================================
Received Import Request.
  Time since last request: 0.000020 seconds.
  path: Assets/GDD - Quinnipiac/Pixel Art Character Package/Characters/Addergul/Addergul Orange/Run.anim
  artifactKey: Guid(e1b1c652a9d66ba4d898c2efceb36633) Importer(2089858483,b0f066a214c2f5e87bad3c948f4d605d)
Start importing Assets/GDD - Quinnipiac/Pixel Art Character Package/Characters/Addergul/Addergul Orange/Run.anim using Guid(e1b1c652a9d66ba4d898c2efceb36633) Importer(2089858483,b0f066a214c2f5e87bad3c948f4d605d) (ScriptedImporter) -> (artifact id: 'fbddb70101d828bdecc2b7341984fe56') in 0.0475595 seconds
Number of updated asset objects reloaded before import = 0Number of asset objects unloaded after import = 1

========================================================================
Received Import Request.
  Time since last request: 0.690132 seconds.
  path: Assets/GDD - Quinnipiac/Pixel Art Character Package/Characters/Phantom/Phantom Pink/Phantom walk 2-Sheet.png
  artifactKey: Guid(8b272368bfc34e643b537b40467ce24e) Importer(2089858483,b0f066a214c2f5e87bad3c948f4d605d)
Start importing Assets/GDD - Quinnipiac/Pixel Art Character Package/Characters/Phantom/Phantom Pink/Phantom walk 2-Sheet.png using Guid(8b272368bfc34e643b537b40467ce24e) Importer(2089858483,b0f066a214c2f5e87bad3c948f4d605d) (ScriptedImporter) -> (artifact id: '35084fd0e32a2aef4ea73b0222f54df9') in 0.0397026 seconds
Number of updated asset objects reloaded before import = 0Number of asset objects unloaded after import = 6

========================================================================
Received Import Request.
  Time since last request: 0.000020 seconds.
  path: Assets/GDD - Quinnipiac/Pixel Art Character Package/Characters/Koboiled/Koboiled Pink/Air.anim
  artifactKey: Guid(74de68cc3636d1844a551844383bbd14) Importer(2089858483,b0f066a214c2f5e87bad3c948f4d605d)
Start importing Assets/GDD - Quinnipiac/Pixel Art Character Package/Characters/Koboiled/Koboiled Pink/Air.anim using Guid(74de68cc3636d1844a551844383bbd14) Importer(2089858483,b0f066a214c2f5e87bad3c948f4d605d) (ScriptedImporter) -> (artifact id: '1d5907f0432ce607566fcaa17e4038b0') in 0.0136476 seconds
Number of updated asset objects reloaded before import = 0Number of asset objects unloaded after import = 1

========================================================================
Received Import Request.
  Time since last request: 0.683661 seconds.
  path: Assets/GDD - Quinnipiac/Pixel Art Character Package/Characters/Rattles/Rattles Purple/Rattles idle 4-Sheet.png
  artifactKey: Guid(1b67a795747b04c4c80d2c1d242ea24e) Importer(2089858483,b0f066a214c2f5e87bad3c948f4d605d)
Start importing Assets/GDD - Quinnipiac/Pixel Art Character Package/Characters/Rattles/Rattles Purple/Rattles idle 4-Sheet.png using Guid(1b67a795747b04c4c80d2c1d242ea24e) Importer(2089858483,b0f066a214c2f5e87bad3c948f4d605d) (ScriptedImporter) -> (artifact id: '01e5a9a464858f7839a63114f20de25d') in 0.0514868 seconds
Number of updated asset objects reloaded before import = 0Number of asset objects unloaded after import = 6

========================================================================
Received Import Request.
  Time since last request: 0.000019 seconds.
  path: Assets/GDD - Quinnipiac/Pixel Art Character Package/Characters/Valkyrie/Valkyrie Grey/Valkyrie Walk 2-Sheet.png
  artifactKey: Guid(2995c3110f940ec49a6fd56b61cdddff) Importer(2089858483,b0f066a214c2f5e87bad3c948f4d605d)
Start importing Assets/GDD - Quinnipiac/Pixel Art Character Package/Characters/Valkyrie/Valkyrie Grey/Valkyrie Walk 2-Sheet.png using Guid(2995c3110f940ec49a6fd56b61cdddff) Importer(2089858483,b0f066a214c2f5e87bad3c948f4d605d) (ScriptedImporter) -> (artifact id: 'e8127c6d0882222aa1e2bba31fbf9579') in 0.0487646 seconds
Number of updated asset objects reloaded before import = 0Number of asset objects unloaded after import = 6

========================================================================
Received Import Request.
  Time since last request: 0.638785 seconds.
  path: Assets/GDD - Quinnipiac/Pixel Art Character Package/Characters/Goop/Goop Blue/goop crouch 3-Sheet.png
  artifactKey: Guid(fb4e83da96e5ebb4abb8973e007b1a29) Importer(2089858483,b0f066a214c2f5e87bad3c948f4d605d)
Start importing Assets/GDD - Quinnipiac/Pixel Art Character Package/Characters/Goop/Goop Blue/goop crouch 3-Sheet.png using Guid(fb4e83da96e5ebb4abb8973e007b1a29) Importer(2089858483,b0f066a214c2f5e87bad3c948f4d605d) (ScriptedImporter) -> (artifact id: '0688eaf20ad65c21fe6dc5d5a00fd407') in 0.0575405 seconds
Number of updated asset objects reloaded before import = 0Number of asset objects unloaded after import = 10

========================================================================
Received Import Request.
  Time since last request: 0.000021 seconds.
  path: Assets/GDD - Quinnipiac/Pixel Art Character Package/Characters/Addergul/Addergul White/Addergul_hit-Sheet.png
  artifactKey: Guid(da321574daf5ea141afd75cdb6f5ed93) Importer(2089858483,b0f066a214c2f5e87bad3c948f4d605d)
Start importing Assets/GDD - Quinnipiac/Pixel Art Character Package/Characters/Addergul/Addergul White/Addergul_hit-Sheet.png using Guid(da321574daf5ea141afd75cdb6f5ed93) Importer(2089858483,b0f066a214c2f5e87bad3c948f4d605d) (ScriptedImporter) -> (artifact id: 'a03da99fa1e059f5e97160c6061d392a') in 0.0485646 seconds
Number of updated asset objects reloaded before import = 0Number of asset objects unloaded after import = 6

========================================================================
Received Import Request.
  Time since last request: 0.643775 seconds.
  path: Assets/GDD - Quinnipiac/Pixel Art Character Package/Characters/Speckle/Speckle Green/Turn.anim
  artifactKey: Guid(7081454763596e1449f73785e22cdf0f) Importer(2089858483,b0f066a214c2f5e87bad3c948f4d605d)
Start importing Assets/GDD - Quinnipiac/Pixel Art Character Package/Characters/Speckle/Speckle Green/Turn.anim using Guid(7081454763596e1449f73785e22cdf0f) Importer(2089858483,b0f066a214c2f5e87bad3c948f4d605d) (ScriptedImporter) -> (artifact id: 'b5f1383a884ad0cd290e0d4f74cc4252') in 0.0262037 seconds
Number of updated asset objects reloaded before import = 0Number of asset objects unloaded after import = 1

========================================================================
Received Import Request.
  Time since last request: 0.000019 seconds.
  path: Assets/GDD - Quinnipiac/Pixel Art Character Package/Weapons/Addergul Weapons/Animator Controllers
  artifactKey: Guid(6acd72b483d885e4c9bc8371b8ed0651) Importer(2089858483,b0f066a214c2f5e87bad3c948f4d605d)
Start importing Assets/GDD - Quinnipiac/Pixel Art Character Package/Weapons/Addergul Weapons/Animator Controllers using Guid(6acd72b483d885e4c9bc8371b8ed0651) Importer(2089858483,b0f066a214c2f5e87bad3c948f4d605d) (ScriptedImporter) -> (artifact id: 'a8ee4acba64ae439d663359be224c039') in 0.0167566 seconds
Number of updated asset objects reloaded before import = 0Number of asset objects unloaded after import = 1

========================================================================
Received Import Request.
  Time since last request: 0.682628 seconds.
  path: Assets/GDD - Quinnipiac/Pixel Art Character Package/Characters/Goop/Goop Red/goop_hit-Sheet.png
  artifactKey: Guid(2a3d38d8a55ec7545a4825d59a7fca73) Importer(2089858483,b0f066a214c2f5e87bad3c948f4d605d)
Start importing Assets/GDD - Quinnipiac/Pixel Art Character Package/Characters/Goop/Goop Red/goop_hit-Sheet.png using Guid(2a3d38d8a55ec7545a4825d59a7fca73) Importer(2089858483,b0f066a214c2f5e87bad3c948f4d605d) (ScriptedImporter) -> (artifact id: '556174fd67a9d8a7de59bf22105028a6') in 0.045284 seconds
Number of updated asset objects reloaded before import = 0Number of asset objects unloaded after import = 6

========================================================================
Received Import Request.
  Time since last request: 0.752299 seconds.
  path: Assets/GDD - Quinnipiac/Pixel Art Character Package/Characters/Goop/Goop Blue/goop hit 3-Sheet.png
  artifactKey: Guid(0be12889f96db9c43a61e136e489bdc2) Importer(2089858483,b0f066a214c2f5e87bad3c948f4d605d)
Start importing Assets/GDD - Quinnipiac/Pixel Art Character Package/Characters/Goop/Goop Blue/goop hit 3-Sheet.png using Guid(0be12889f96db9c43a61e136e489bdc2) Importer(2089858483,b0f066a214c2f5e87bad3c948f4d605d) (ScriptedImporter) -> (artifact id: '1d1eba1fa00fc1166759852d8cce1589') in 0.042379 seconds
Number of updated asset objects reloaded before import = 0Number of asset objects unloaded after import = 6

========================================================================
Received Import Request.
  Time since last request: 0.769753 seconds.
  path: Assets/GDD - Quinnipiac/Pixel Art Character Package/Characters/Goop/Goop Green/Goop Green.controller
  artifactKey: Guid(7ef00d2727eb9b943b37f3270055e388) Importer(2089858483,b0f066a214c2f5e87bad3c948f4d605d)
Start importing Assets/GDD - Quinnipiac/Pixel Art Character Package/Characters/Goop/Goop Green/Goop Green.controller using Guid(7ef00d2727eb9b943b37f3270055e388) Importer(2089858483,b0f066a214c2f5e87bad3c948f4d605d) (ScriptedImporter) -> (artifact id: '20c47a65cdafc19554cc3162676c3c00') in 0.0196368 seconds
Number of updated asset objects reloaded before import = 0Number of asset objects unloaded after import = 18

========================================================================
Received Import Request.
  Time since last request: 0.000021 seconds.
  path: Assets/GDD - Quinnipiac/Pixel Art Character Package/Characters/Speckle/Speckle Orange/Speckle Orange.controller
  artifactKey: Guid(1c58dfa26788ce240ba90c597015407b) Importer(2089858483,b0f066a214c2f5e87bad3c948f4d605d)
Start importing Assets/GDD - Quinnipiac/Pixel Art Character Package/Characters/Speckle/Speckle Orange/Speckle Orange.controller using Guid(1c58dfa26788ce240ba90c597015407b) Importer(2089858483,b0f066a214c2f5e87bad3c948f4d605d) (ScriptedImporter) -> (artifact id: 'b9385debf7b170f6ed984d6662c7c726') in 0.0122561 seconds
Number of updated asset objects reloaded before import = 0Number of asset objects unloaded after import = 18

========================================================================
Received Import Request.
  Time since last request: 0.000032 seconds.
  path: Assets/GDD - Quinnipiac/Pixel Art Character Package/Characters/Puppeteer/Puppeteer Black/the puppet air 4-Sheet.png
  artifactKey: Guid(4c404c05cdee3ff4392514f3e9be1210) Importer(2089858483,b0f066a214c2f5e87bad3c948f4d605d)
Start importing Assets/GDD - Quinnipiac/Pixel Art Character Package/Characters/Puppeteer/Puppeteer Black/the puppet air 4-Sheet.png using Guid(4c404c05cdee3ff4392514f3e9be1210) Importer(2089858483,b0f066a214c2f5e87bad3c948f4d605d) (ScriptedImporter) -> (artifact id: 'ba30d0c2f8d7d37c3fc4252ecaf6b842') in 0.0557513 seconds
Number of updated asset objects reloaded before import = 0Number of asset objects unloaded after import = 6

========================================================================
Received Import Request.
  Time since last request: 0.000021 seconds.
  path: Assets/GDD - Quinnipiac/Pixel Art Character Package/Characters/Deton/Deton Grey/Idle.anim
  artifactKey: Guid(08cbbeafab5d79043b8d97936da0c647) Importer(2089858483,b0f066a214c2f5e87bad3c948f4d605d)
Start importing Assets/GDD - Quinnipiac/Pixel Art Character Package/Characters/Deton/Deton Grey/Idle.anim using Guid(08cbbeafab5d79043b8d97936da0c647) Importer(2089858483,b0f066a214c2f5e87bad3c948f4d605d) (ScriptedImporter) -> (artifact id: '1321e347fdae36fe613c660eec4711bb') in 0.0228761 seconds
Number of updated asset objects reloaded before import = 0Number of asset objects unloaded after import = 1

========================================================================
Received Import Request.
  Time since last request: 0.000032 seconds.
  path: Assets/GDD - Quinnipiac/Pixel Art Character Package/Characters/Goop/Goop Green/goop idle 4-Sheet.png
  artifactKey: Guid(1a4a9a3b121a16942add6f60d5bfc2ad) Importer(2089858483,b0f066a214c2f5e87bad3c948f4d605d)
Start importing Assets/GDD - Quinnipiac/Pixel Art Character Package/Characters/Goop/Goop Green/goop idle 4-Sheet.png using Guid(1a4a9a3b121a16942add6f60d5bfc2ad) Importer(2089858483,b0f066a214c2f5e87bad3c948f4d605d) (ScriptedImporter) -> (artifact id: '36f4f81a28b30ad90b8903c948029e92') in 0.0552702 seconds
Number of updated asset objects reloaded before import = 0Number of asset objects unloaded after import = 6

========================================================================
Received Import Request.
  Time since last request: 0.000033 seconds.
  path: Assets/GDD - Quinnipiac/Pixel Art Character Package/Characters/Speckle/Speckle Grey/Speckle walk 2-Sheet.png
  artifactKey: Guid(16da70b81c0b4554aaebc8c199272337) Importer(2089858483,b0f066a214c2f5e87bad3c948f4d605d)
Start importing Assets/GDD - Quinnipiac/Pixel Art Character Package/Characters/Speckle/Speckle Grey/Speckle walk 2-Sheet.png using Guid(16da70b81c0b4554aaebc8c199272337) Importer(2089858483,b0f066a214c2f5e87bad3c948f4d605d) (ScriptedImporter) -> (artifact id: '48cafd9aa19351cc133bca9c5be06a56') in 0.0434931 seconds
Number of updated asset objects reloaded before import = 0Number of asset objects unloaded after import = 6

========================================================================
Received Import Request.
  Time since last request: 0.000021 seconds.
  path: Assets/GDD - Quinnipiac/Pixel Art Character Package/Characters/Addergul/Addergul Dark Blue/Addergul air 2-Sheet.png
  artifactKey: Guid(56c2ec3074b42e144a0cab83ade65363) Importer(2089858483,b0f066a214c2f5e87bad3c948f4d605d)
Start importing Assets/GDD - Quinnipiac/Pixel Art Character Package/Characters/Addergul/Addergul Dark Blue/Addergul air 2-Sheet.png using Guid(56c2ec3074b42e144a0cab83ade65363) Importer(2089858483,b0f066a214c2f5e87bad3c948f4d605d) (ScriptedImporter) -> (artifact id: '86e1c975f8f8160bdb144384dc11d832') in 0.0669148 seconds
Number of updated asset objects reloaded before import = 0Number of asset objects unloaded after import = 7

========================================================================
Received Import Request.
  Time since last request: 0.000024 seconds.
  path: Assets/GDD - Quinnipiac/Pixel Art Character Package/Characters/Addergul/Addergul Orange/Idle.anim
  artifactKey: Guid(9b0782cad45b6724197aeb85d43a10a8) Importer(2089858483,b0f066a214c2f5e87bad3c948f4d605d)
Start importing Assets/GDD - Quinnipiac/Pixel Art Character Package/Characters/Addergul/Addergul Orange/Idle.anim using Guid(9b0782cad45b6724197aeb85d43a10a8) Importer(2089858483,b0f066a214c2f5e87bad3c948f4d605d) (ScriptedImporter) -> (artifact id: '8c60e986b0125fcaf5733377cdeccbf5') in 0.027733 seconds
Number of updated asset objects reloaded before import = 0Number of asset objects unloaded after import = 1

========================================================================
Received Import Request.
  Time since last request: 0.000030 seconds.
  path: Assets/GDD - Quinnipiac/Pixel Art Character Package/Characters/Speckle/Speckle Grey/Speckle death 2-Sheet.png
  artifactKey: Guid(0294e7ccbf0a4d24d88f8c2a26a9a2de) Importer(2089858483,b0f066a214c2f5e87bad3c948f4d605d)
Start importing Assets/GDD - Quinnipiac/Pixel Art Character Package/Characters/Speckle/Speckle Grey/Speckle death 2-Sheet.png using Guid(0294e7ccbf0a4d24d88f8c2a26a9a2de) Importer(2089858483,b0f066a214c2f5e87bad3c948f4d605d) (ScriptedImporter) -> (artifact id: '3114ebe355dcfee3b60ccccbfc7c82c3') in 0.0862139 seconds
Number of updated asset objects reloaded before import = 0Number of asset objects unloaded after import = 11

========================================================================
Received Import Request.
  Time since last request: 0.000020 seconds.
  path: Assets/GDD - Quinnipiac/Pixel Art Character Package/Characters/Speckle/Speckle Orange/Speckle death-Sheet(1).png
  artifactKey: Guid(59dda64818de2ce459eecb2d87addaa6) Importer(2089858483,b0f066a214c2f5e87bad3c948f4d605d)
Start importing Assets/GDD - Quinnipiac/Pixel Art Character Package/Characters/Speckle/Speckle Orange/Speckle death-Sheet(1).png using Guid(59dda64818de2ce459eecb2d87addaa6) Importer(2089858483,b0f066a214c2f5e87bad3c948f4d605d) (ScriptedImporter) -> (artifact id: '3eaf8515f0d9de3f5a890f1f879946dc') in 0.0560405 seconds
Number of updated asset objects reloaded before import = 0Number of asset objects unloaded after import = 11

========================================================================
Received Import Request.
  Time since last request: 0.000022 seconds.
  path: Assets/GDD - Quinnipiac/Pixel Art Character Package/Characters/Puppeteer/Puppeteer Blue/the puppet death 2-Sheet.png
  artifactKey: Guid(84161b6fdcaf7524bb17b47124a7e82e) Importer(2089858483,b0f066a214c2f5e87bad3c948f4d605d)
Start importing Assets/GDD - Quinnipiac/Pixel Art Character Package/Characters/Puppeteer/Puppeteer Blue/the puppet death 2-Sheet.png using Guid(84161b6fdcaf7524bb17b47124a7e82e) Importer(2089858483,b0f066a214c2f5e87bad3c948f4d605d) (ScriptedImporter) -> (artifact id: '582e78fa74a529d287c2338c5ad2156c') in 0.0640503 seconds
Number of updated asset objects reloaded before import = 0Number of asset objects unloaded after import = 11

========================================================================
Received Import Request.
  Time since last request: 0.000032 seconds.
  path: Assets/GDD - Quinnipiac/Pixel Art Character Package/Characters/Koboiled/Koboiled Orange/Air.anim
  artifactKey: Guid(af0cca7e246409a4db611f8f13fd2605) Importer(2089858483,b0f066a214c2f5e87bad3c948f4d605d)
Start importing Assets/GDD - Quinnipiac/Pixel Art Character Package/Characters/Koboiled/Koboiled Orange/Air.anim using Guid(af0cca7e246409a4db611f8f13fd2605) Importer(2089858483,b0f066a214c2f5e87bad3c948f4d605d) (ScriptedImporter) -> (artifact id: 'c1ec0b515636025733ce8673a5e5cff1') in 0.0156769 seconds
Number of updated asset objects reloaded before import = 0Number of asset objects unloaded after import = 1

========================================================================
Received Import Request.
  Time since last request: 0.000021 seconds.
  path: Assets/GDD - Quinnipiac/Pixel Art Character Package/Characters/Valkyrie/Valkyrie Blue/Valkyrie Hit 3-Sheet.png
  artifactKey: Guid(e89ad38704c7b694a9d8ed4319fffc83) Importer(2089858483,b0f066a214c2f5e87bad3c948f4d605d)
Start importing Assets/GDD - Quinnipiac/Pixel Art Character Package/Characters/Valkyrie/Valkyrie Blue/Valkyrie Hit 3-Sheet.png using Guid(e89ad38704c7b694a9d8ed4319fffc83) Importer(2089858483,b0f066a214c2f5e87bad3c948f4d605d) (ScriptedImporter) -> (artifact id: '8c6977784659dc1e277ee46e0bbe2f37') in 0.037218 seconds
Number of updated asset objects reloaded before import = 0Number of asset objects unloaded after import = 6

========================================================================
Received Import Request.
  Time since last request: 0.000022 seconds.
  path: Assets/GDD - Quinnipiac/Pixel Art Character Package/Characters/Valkyrie/Valkyrie Pink/Valkyrie Hit 4-Sheet.png
  artifactKey: Guid(335e7a760ecc70c4aa929f3c57f19248) Importer(2089858483,b0f066a214c2f5e87bad3c948f4d605d)
Start importing Assets/GDD - Quinnipiac/Pixel Art Character Package/Characters/Valkyrie/Valkyrie Pink/Valkyrie Hit 4-Sheet.png using Guid(335e7a760ecc70c4aa929f3c57f19248) Importer(2089858483,b0f066a214c2f5e87bad3c948f4d605d) (ScriptedImporter) -> (artifact id: '008a0e91e061ca72ab9fce706511f2b0') in 0.0424463 seconds
Number of updated asset objects reloaded before import = 0Number of asset objects unloaded after import = 6

========================================================================
Received Import Request.
  Time since last request: 0.000032 seconds.
  path: Assets/GDD - Quinnipiac/Pixel Art Character Package/Characters/Deton/Deton Red/Turn.anim
  artifactKey: Guid(c85e28a508228d447a7e76eb62110693) Importer(2089858483,b0f066a214c2f5e87bad3c948f4d605d)
Start importing Assets/GDD - Quinnipiac/Pixel Art Character Package/Characters/Deton/Deton Red/Turn.anim using Guid(c85e28a508228d447a7e76eb62110693) Importer(2089858483,b0f066a214c2f5e87bad3c948f4d605d) (ScriptedImporter) -> (artifact id: '1affe19dad5f7f9fc40de839a95149da') in 0.016254 seconds
Number of updated asset objects reloaded before import = 0Number of asset objects unloaded after import = 1

========================================================================
Received Import Request.
  Time since last request: 0.000018 seconds.
  path: Assets/GDD - Quinnipiac/Pixel Art Character Package/Characters/Valkyrie/Valkyrie Blue/Valkyrie Run 3-Sheet.png
  artifactKey: Guid(72565ba27bde7a443894a2cbbbf8838f) Importer(2089858483,b0f066a214c2f5e87bad3c948f4d605d)
Start importing Assets/GDD - Quinnipiac/Pixel Art Character Package/Characters/Valkyrie/Valkyrie Blue/Valkyrie Run 3-Sheet.png using Guid(72565ba27bde7a443894a2cbbbf8838f) Importer(2089858483,b0f066a214c2f5e87bad3c948f4d605d) (ScriptedImporter) -> (artifact id: 'd73955a2d85a793335105fdbd4ec296c') in 0.0493503 seconds
Number of updated asset objects reloaded before import = 0Number of asset objects unloaded after import = 6

========================================================================
Received Import Request.
  Time since last request: 0.000021 seconds.
  path: Assets/GDD - Quinnipiac/Pixel Art Character Package/Characters/Speckle/Speckle Orange/Speckle Idle-Sheet(1).png
  artifactKey: Guid(6b57086601abd414db631dcb91637687) Importer(2089858483,b0f066a214c2f5e87bad3c948f4d605d)
Start importing Assets/GDD - Quinnipiac/Pixel Art Character Package/Characters/Speckle/Speckle Orange/Speckle Idle-Sheet(1).png using Guid(6b57086601abd414db631dcb91637687) Importer(2089858483,b0f066a214c2f5e87bad3c948f4d605d) (ScriptedImporter) -> (artifact id: 'beab9e6f8670cd7210928226efcbc9d1') in 0.0369906 seconds
Number of updated asset objects reloaded before import = 0Number of asset objects unloaded after import = 6

========================================================================
Received Import Request.
  Time since last request: 0.000030 seconds.
  path: Assets/GDD - Quinnipiac/Pixel Art Character Package/Characters/Deton/Deton Red/Deton Run 4-Sheet.png
  artifactKey: Guid(96e8dfdf2163b294c9474709022895c1) Importer(2089858483,b0f066a214c2f5e87bad3c948f4d605d)
Start importing Assets/GDD - Quinnipiac/Pixel Art Character Package/Characters/Deton/Deton Red/Deton Run 4-Sheet.png using Guid(96e8dfdf2163b294c9474709022895c1) Importer(2089858483,b0f066a214c2f5e87bad3c948f4d605d) (ScriptedImporter) -> (artifact id: '487d3a5693f1e19340f7bb0a439f1988') in 0.0435226 seconds
Number of updated asset objects reloaded before import = 0Number of asset objects unloaded after import = 6

========================================================================
Received Import Request.
  Time since last request: 0.000022 seconds.
  path: Assets/GDD - Quinnipiac/Pixel Art Character Package/Characters/Deton/Deton Red/Deton Hit 4-Sheet.png
  artifactKey: Guid(4dddacadf7da1534db60dd52aaa53382) Importer(2089858483,b0f066a214c2f5e87bad3c948f4d605d)
Start importing Assets/GDD - Quinnipiac/Pixel Art Character Package/Characters/Deton/Deton Red/Deton Hit 4-Sheet.png using Guid(4dddacadf7da1534db60dd52aaa53382) Importer(2089858483,b0f066a214c2f5e87bad3c948f4d605d) (ScriptedImporter) -> (artifact id: 'c58159c39e9c854682853f240c4f9272') in 0.0387887 seconds
Number of updated asset objects reloaded before import = 0Number of asset objects unloaded after import = 6

========================================================================
Received Import Request.
  Time since last request: 0.000023 seconds.
  path: Assets/GDD - Quinnipiac/Pixel Art Character Package/Characters/Phantom/Phantom Pink/Phantom run 2-Sheet.png
  artifactKey: Guid(f1b1883d3ef57a746b360548e79d66e2) Importer(2089858483,b0f066a214c2f5e87bad3c948f4d605d)
Start importing Assets/GDD - Quinnipiac/Pixel Art Character Package/Characters/Phantom/Phantom Pink/Phantom run 2-Sheet.png using Guid(f1b1883d3ef57a746b360548e79d66e2) Importer(2089858483,b0f066a214c2f5e87bad3c948f4d605d) (ScriptedImporter) -> (artifact id: '515c43e31462d1adbb543646b211fc31') in 0.0581796 seconds
Number of updated asset objects reloaded before import = 0Number of asset objects unloaded after import = 6

========================================================================
Received Import Request.
  Time since last request: 0.000031 seconds.
  path: Assets/GDD - Quinnipiac/Pixel Art Character Package/Characters/Frank/Frank Orange/Idle.anim
  artifactKey: Guid(2d3790f06ba49a54395c5447a9573aa7) Importer(2089858483,b0f066a214c2f5e87bad3c948f4d605d)
Start importing Assets/GDD - Quinnipiac/Pixel Art Character Package/Characters/Frank/Frank Orange/Idle.anim using Guid(2d3790f06ba49a54395c5447a9573aa7) Importer(2089858483,b0f066a214c2f5e87bad3c948f4d605d) (ScriptedImporter) -> (artifact id: '82560f024a6c84aa24f15ee730ffd9ea') in 0.0169898 seconds
Number of updated asset objects reloaded before import = 0Number of asset objects unloaded after import = 1

========================================================================
Received Import Request.
  Time since last request: 0.000019 seconds.
  path: Assets/GDD - Quinnipiac/Pixel Art Character Package/Characters/Phantom/Phantom Green/Hit.anim
  artifactKey: Guid(3d4a95702553eeb48bbece8397daff04) Importer(2089858483,b0f066a214c2f5e87bad3c948f4d605d)
Start importing Assets/GDD - Quinnipiac/Pixel Art Character Package/Characters/Phantom/Phantom Green/Hit.anim using Guid(3d4a95702553eeb48bbece8397daff04) Importer(2089858483,b0f066a214c2f5e87bad3c948f4d605d) (ScriptedImporter) -> (artifact id: '40ed2fca5f191f6c1be67d17fa537bad') in 0.0150317 seconds
Number of updated asset objects reloaded before import = 0Number of asset objects unloaded after import = 1

========================================================================
Received Import Request.
  Time since last request: 0.000021 seconds.
  path: Assets/GDD - Quinnipiac/Pixel Art Character Package/Characters/Puppeteer/Puppeteer Purple/the puppet run 3-Sheet.png
  artifactKey: Guid(c7a1430fe8544bd489f3c9ff8232dfdc) Importer(2089858483,b0f066a214c2f5e87bad3c948f4d605d)
Start importing Assets/GDD - Quinnipiac/Pixel Art Character Package/Characters/Puppeteer/Puppeteer Purple/the puppet run 3-Sheet.png using Guid(c7a1430fe8544bd489f3c9ff8232dfdc) Importer(2089858483,b0f066a214c2f5e87bad3c948f4d605d) (ScriptedImporter) -> (artifact id: '12330e76740785217f323aae20471579') in 0.0478569 seconds
Number of updated asset objects reloaded before import = 0Number of asset objects unloaded after import = 6

========================================================================
Received Import Request.
  Time since last request: 0.000030 seconds.
  path: Assets/GDD - Quinnipiac/Pixel Art Character Package/Characters/Valkyrie/Valkyrie Pink/Valkyrie Walk 4-Sheet.png
  artifactKey: Guid(cea456c62247f814783cd4e3f2c49f43) Importer(2089858483,b0f066a214c2f5e87bad3c948f4d605d)
Start importing Assets/GDD - Quinnipiac/Pixel Art Character Package/Characters/Valkyrie/Valkyrie Pink/Valkyrie Walk 4-Sheet.png using Guid(cea456c62247f814783cd4e3f2c49f43) Importer(2089858483,b0f066a214c2f5e87bad3c948f4d605d) (ScriptedImporter) -> (artifact id: 'dca93ecf55d925e8065a3c781e448ce9') in 0.0514431 seconds
Number of updated asset objects reloaded before import = 0Number of asset objects unloaded after import = 6

========================================================================
Received Import Request.
  Time since last request: 0.000021 seconds.
  path: Assets/GDD - Quinnipiac/Pixel Art Character Package/Weapons/Valktrie Weapons/Animations/Valkyrie Pink Weapon Animation.anim
  artifactKey: Guid(eb6fb428759c24a499e2f124fdc880aa) Importer(2089858483,b0f066a214c2f5e87bad3c948f4d605d)
Start importing Assets/GDD - Quinnipiac/Pixel Art Character Package/Weapons/Valktrie Weapons/Animations/Valkyrie Pink Weapon Animation.anim using Guid(eb6fb428759c24a499e2f124fdc880aa) Importer(2089858483,b0f066a214c2f5e87bad3c948f4d605d) (ScriptedImporter) -> (artifact id: 'e9d98d3c637f6f60439fc994fb49361f') in 0.0207698 seconds
Number of updated asset objects reloaded before import = 0Number of asset objects unloaded after import = 1

========================================================================
Received Import Request.
  Time since last request: 0.000024 seconds.
  path: Assets/GDD - Quinnipiac/Pixel Art Character Package/Characters/Goop/Goop Red/Walk.anim
  artifactKey: Guid(5d040323c34baa54e9ed44c5bd94c22f) Importer(2089858483,b0f066a214c2f5e87bad3c948f4d605d)
Start importing Assets/GDD - Quinnipiac/Pixel Art Character Package/Characters/Goop/Goop Red/Walk.anim using Guid(5d040323c34baa54e9ed44c5bd94c22f) Importer(2089858483,b0f066a214c2f5e87bad3c948f4d605d) (ScriptedImporter) -> (artifact id: 'cf71bb46058b4dceacbd80dacb0d8f31') in 0.0197273 seconds
Number of updated asset objects reloaded before import = 0Number of asset objects unloaded after import = 1

========================================================================
Received Import Request.
  Time since last request: 0.000031 seconds.
  path: Assets/GDD - Quinnipiac/Pixel Art Character Package/Characters/Addergul/Addergul Dark Blue/Addergul walk 2-Sheet.png
  artifactKey: Guid(1689fb09af6086a45bacd896b6922b08) Importer(2089858483,b0f066a214c2f5e87bad3c948f4d605d)
Start importing Assets/GDD - Quinnipiac/Pixel Art Character Package/Characters/Addergul/Addergul Dark Blue/Addergul walk 2-Sheet.png using Guid(1689fb09af6086a45bacd896b6922b08) Importer(2089858483,b0f066a214c2f5e87bad3c948f4d605d) (ScriptedImporter) -> (artifact id: '4caae23b9bf6424ed6c1d17de05b2236') in 0.0558096 seconds
Number of updated asset objects reloaded before import = 0Number of asset objects unloaded after import = 6

========================================================================
Received Import Request.
  Time since last request: 0.000019 seconds.
  path: Assets/GDD - Quinnipiac/Pixel Art Character Package/Characters/Frank/Frank White/Turn.anim
  artifactKey: Guid(121682da2b52e5d438491236d5a8a670) Importer(2089858483,b0f066a214c2f5e87bad3c948f4d605d)
Start importing Assets/GDD - Quinnipiac/Pixel Art Character Package/Characters/Frank/Frank White/Turn.anim using Guid(121682da2b52e5d438491236d5a8a670) Importer(2089858483,b0f066a214c2f5e87bad3c948f4d605d) (ScriptedImporter) -> (artifact id: 'e0ff1af8904ae8e6fbdb03e5e14d144a') in 0.0275233 seconds
Number of updated asset objects reloaded before import = 0Number of asset objects unloaded after import = 1

========================================================================
Received Import Request.
  Time since last request: 0.000069 seconds.
  path: Assets/GDD - Quinnipiac/Pixel Art Character Package/Characters/Koboiled/Koboiled Green/Koboiled Idle full 4-Sheet.png
  artifactKey: Guid(613ea9d7a1332514b8803ce9a5886e71) Importer(2089858483,b0f066a214c2f5e87bad3c948f4d605d)
Start importing Assets/GDD - Quinnipiac/Pixel Art Character Package/Characters/Koboiled/Koboiled Green/Koboiled Idle full 4-Sheet.png using Guid(613ea9d7a1332514b8803ce9a5886e71) Importer(2089858483,b0f066a214c2f5e87bad3c948f4d605d) (ScriptedImporter) -> (artifact id: '67ce7c031d6d4d25b2dfddf2a5256679') in 0.0498279 seconds
Number of updated asset objects reloaded before import = 0Number of asset objects unloaded after import = 6

========================================================================
Received Import Request.
  Time since last request: 0.000030 seconds.
  path: Assets/GDD - Quinnipiac/Pixel Art Character Package/Characters/Puppeteer/Puppeteer Blue/Crouch.anim
  artifactKey: Guid(1facbf4e9dc00064cbe05755cd39495e) Importer(2089858483,b0f066a214c2f5e87bad3c948f4d605d)
Start importing Assets/GDD - Quinnipiac/Pixel Art Character Package/Characters/Puppeteer/Puppeteer Blue/Crouch.anim using Guid(1facbf4e9dc00064cbe05755cd39495e) Importer(2089858483,b0f066a214c2f5e87bad3c948f4d605d) (ScriptedImporter) -> (artifact id: 'bd5e4b15c5452a0f62a5b6e1bee6e32d') in 0.0229203 seconds
Number of updated asset objects reloaded before import = 0Number of asset objects unloaded after import = 1

========================================================================
Received Import Request.
  Time since last request: 0.000018 seconds.
  path: Assets/GDD - Quinnipiac/Pixel Art Character Package/Characters/Addergul/Addergul Orange/Addergul walk 4-Sheet.png
  artifactKey: Guid(ef161e13def62ea4ba2ba7f08f97e62a) Importer(2089858483,b0f066a214c2f5e87bad3c948f4d605d)
Start importing Assets/GDD - Quinnipiac/Pixel Art Character Package/Characters/Addergul/Addergul Orange/Addergul walk 4-Sheet.png using Guid(ef161e13def62ea4ba2ba7f08f97e62a) Importer(2089858483,b0f066a214c2f5e87bad3c948f4d605d) (ScriptedImporter) -> (artifact id: 'cf121afae83e83ac588ae96d1640fe30') in 0.0526416 seconds
Number of updated asset objects reloaded before import = 0Number of asset objects unloaded after import = 6

========================================================================
Received Import Request.
  Time since last request: 0.000023 seconds.
  path: Assets/GDD - Quinnipiac/Pixel Art Character Package/Weapons/Phantom Weapons/Spritesheets/Phantom Green Weapon.png
  artifactKey: Guid(12021c5fc4fe96647b7b4700bd82822f) Importer(2089858483,b0f066a214c2f5e87bad3c948f4d605d)
Start importing Assets/GDD - Quinnipiac/Pixel Art Character Package/Weapons/Phantom Weapons/Spritesheets/Phantom Green Weapon.png using Guid(12021c5fc4fe96647b7b4700bd82822f) Importer(2089858483,b0f066a214c2f5e87bad3c948f4d605d) (ScriptedImporter) -> (artifact id: 'b2eb8cf3248d873adbbc556ad7dafd37') in 0.0588461 seconds
Number of updated asset objects reloaded before import = 0Number of asset objects unloaded after import = 3

========================================================================
Received Import Request.
  Time since last request: 0.000032 seconds.
  path: Assets/GDD - Quinnipiac/Pixel Art Character Package/Characters/Frank/Frank Dark Blue/Run.anim
  artifactKey: Guid(874f2a6eca1504740800faf07aa4da6a) Importer(2089858483,b0f066a214c2f5e87bad3c948f4d605d)
Start importing Assets/GDD - Quinnipiac/Pixel Art Character Package/Characters/Frank/Frank Dark Blue/Run.anim using Guid(874f2a6eca1504740800faf07aa4da6a) Importer(2089858483,b0f066a214c2f5e87bad3c948f4d605d) (ScriptedImporter) -> (artifact id: '4e3b91738c3333fc9b995ef7140d9d3d') in 0.0297946 seconds
Number of updated asset objects reloaded before import = 0Number of asset objects unloaded after import = 1

========================================================================
Received Import Request.
  Time since last request: 0.000019 seconds.
  path: Assets/GDD - Quinnipiac/Pixel Art Character Package/Weapons/Puppeteer Weapon
  artifactKey: Guid(57b547dc52121c643a73b888beede2f6) Importer(2089858483,b0f066a214c2f5e87bad3c948f4d605d)
Start importing Assets/GDD - Quinnipiac/Pixel Art Character Package/Weapons/Puppeteer Weapon using Guid(57b547dc52121c643a73b888beede2f6) Importer(2089858483,b0f066a214c2f5e87bad3c948f4d605d) (ScriptedImporter) -> (artifact id: '83fc80f664f7693a06d34e6ea18560cc') in 0.0112106 seconds
Number of updated asset objects reloaded before import = 0Number of asset objects unloaded after import = 1

========================================================================
Received Import Request.
  Time since last request: 0.000029 seconds.
  path: Assets/GDD - Quinnipiac/Pixel Art Character Package/Characters/Frank/Frank Dark Blue/Turn.anim
  artifactKey: Guid(45910c5405943934a809a8396138bba4) Importer(2089858483,b0f066a214c2f5e87bad3c948f4d605d)
Start importing Assets/GDD - Quinnipiac/Pixel Art Character Package/Characters/Frank/Frank Dark Blue/Turn.anim using Guid(45910c5405943934a809a8396138bba4) Importer(2089858483,b0f066a214c2f5e87bad3c948f4d605d) (ScriptedImporter) -> (artifact id: '20c97680ebaf3b20e5d7cea1859ab4a4') in 0.0227136 seconds
Number of updated asset objects reloaded before import = 0Number of asset objects unloaded after import = 1

========================================================================
Received Import Request.
  Time since last request: 0.000036 seconds.
  path: Assets/GDD - Quinnipiac/Pixel Art Character Package/Characters/Deton/Deton Red/Deton Walk 4-Sheet.png
  artifactKey: Guid(b1b13d392f64809469c1d77c34645818) Importer(2089858483,b0f066a214c2f5e87bad3c948f4d605d)
Start importing Assets/GDD - Quinnipiac/Pixel Art Character Package/Characters/Deton/Deton Red/Deton Walk 4-Sheet.png using Guid(b1b13d392f64809469c1d77c34645818) Importer(2089858483,b0f066a214c2f5e87bad3c948f4d605d) (ScriptedImporter) -> (artifact id: '0e91787b7a730d4dd3ad4eca5db566a2') in 0.0702451 seconds
Number of updated asset objects reloaded before import = 0Number of asset objects unloaded after import = 8

========================================================================
Received Import Request.
  Time since last request: 0.000018 seconds.
  path: Assets/GDD - Quinnipiac/Pixel Art Character Package/Weapons/Phantom Weapons/Animations/Grey Projectile Animation.anim
  artifactKey: Guid(a6a8ac5582bfe7944be077203fc36429) Importer(2089858483,b0f066a214c2f5e87bad3c948f4d605d)
Start importing Assets/GDD - Quinnipiac/Pixel Art Character Package/Weapons/Phantom Weapons/Animations/Grey Projectile Animation.anim using Guid(a6a8ac5582bfe7944be077203fc36429) Importer(2089858483,b0f066a214c2f5e87bad3c948f4d605d) (ScriptedImporter) -> (artifact id: 'f7ef6e120635b756ade6dfab6fc2160c') in 0.0368852 seconds
Number of updated asset objects reloaded before import = 0Number of asset objects unloaded after import = 1

========================================================================
Received Import Request.
  Time since last request: 0.000020 seconds.
  path: Assets/GDD - Quinnipiac/Pixel Art Character Package/Characters/Phantom/Phantom Red/Turn.anim
  artifactKey: Guid(7be131f434953ce4c854271248437ef2) Importer(2089858483,b0f066a214c2f5e87bad3c948f4d605d)
Start importing Assets/GDD - Quinnipiac/Pixel Art Character Package/Characters/Phantom/Phantom Red/Turn.anim using Guid(7be131f434953ce4c854271248437ef2) Importer(2089858483,b0f066a214c2f5e87bad3c948f4d605d) (ScriptedImporter) -> (artifact id: '6157bd3d57c32a0fc763a7002475ce2a') in 0.0221218 seconds
Number of updated asset objects reloaded before import = 0Number of asset objects unloaded after import = 1

========================================================================
Received Import Request.
  Time since last request: 0.000029 seconds.
  path: Assets/GDD - Quinnipiac/Pixel Art Character Package/Characters/Rattles/Rattles Turquoise/Hit.anim
  artifactKey: Guid(00ed2548b2d11b346809974cd6492163) Importer(2089858483,b0f066a214c2f5e87bad3c948f4d605d)
Start importing Assets/GDD - Quinnipiac/Pixel Art Character Package/Characters/Rattles/Rattles Turquoise/Hit.anim using Guid(00ed2548b2d11b346809974cd6492163) Importer(2089858483,b0f066a214c2f5e87bad3c948f4d605d) (ScriptedImporter) -> (artifact id: '795bb6ddb4b12b5e4eab516146322aa5') in 0.0152686 seconds
Number of updated asset objects reloaded before import = 0Number of asset objects unloaded after import = 1

========================================================================
Received Import Request.
  Time since last request: 0.000020 seconds.
  path: Assets/GDD - Quinnipiac/Pixel Art Character Package/Characters/Puppeteer/Puppeteer Black/Turn.anim
  artifactKey: Guid(12e56515566663947a375caacdf2e6b8) Importer(2089858483,b0f066a214c2f5e87bad3c948f4d605d)
Start importing Assets/GDD - Quinnipiac/Pixel Art Character Package/Characters/Puppeteer/Puppeteer Black/Turn.anim using Guid(12e56515566663947a375caacdf2e6b8) Importer(2089858483,b0f066a214c2f5e87bad3c948f4d605d) (ScriptedImporter) -> (artifact id: '66944787f3d0e6960e9acc2a16af5982') in 0.02752 seconds
Number of updated asset objects reloaded before import = 0Number of asset objects unloaded after import = 1

========================================================================
Received Import Request.
  Time since last request: 0.000021 seconds.
  path: Assets/GDD - Quinnipiac/Pixel Art Character Package/Characters/Rattles/Rattles Purple
  artifactKey: Guid(3c9451dbe99192648be3e6badaa9a7e6) Importer(2089858483,b0f066a214c2f5e87bad3c948f4d605d)
Start importing Assets/GDD - Quinnipiac/Pixel Art Character Package/Characters/Rattles/Rattles Purple using Guid(3c9451dbe99192648be3e6badaa9a7e6) Importer(2089858483,b0f066a214c2f5e87bad3c948f4d605d) (ScriptedImporter) -> (artifact id: '19b305b624994efe2b7dbc1a275e1cff') in 0.0145419 seconds
Number of updated asset objects reloaded before import = 0Number of asset objects unloaded after import = 1

========================================================================
Received Import Request.
  Time since last request: 0.000021 seconds.
  path: Assets/GDD - Quinnipiac/Pixel Art Character Package/Characters/Addergul/Addergul Pink/Addergul run 3-Sheet.png
  artifactKey: Guid(522be609a6768b947ab2c94ba8cd8316) Importer(2089858483,b0f066a214c2f5e87bad3c948f4d605d)
Start importing Assets/GDD - Quinnipiac/Pixel Art Character Package/Characters/Addergul/Addergul Pink/Addergul run 3-Sheet.png using Guid(522be609a6768b947ab2c94ba8cd8316) Importer(2089858483,b0f066a214c2f5e87bad3c948f4d605d) (ScriptedImporter) -> (artifact id: 'ceab226b568180fb7eb6c22f426d5302') in 0.037989 seconds
Number of updated asset objects reloaded before import = 0Number of asset objects unloaded after import = 6

========================================================================
Received Import Request.
  Time since last request: 0.000029 seconds.
  path: Assets/GDD - Quinnipiac/Pixel Art Character Package/Characters/Frank/Frank Orange/Turn.anim
  artifactKey: Guid(4ea368f9d1239ec4d80f5051f187a93a) Importer(2089858483,b0f066a214c2f5e87bad3c948f4d605d)
Start importing Assets/GDD - Quinnipiac/Pixel Art Character Package/Characters/Frank/Frank Orange/Turn.anim using Guid(4ea368f9d1239ec4d80f5051f187a93a) Importer(2089858483,b0f066a214c2f5e87bad3c948f4d605d) (ScriptedImporter) -> (artifact id: 'e8877fdb455e178e05fb164f7a1d55dc') in 0.0147965 seconds
Number of updated asset objects reloaded before import = 0Number of asset objects unloaded after import = 1

========================================================================
Received Import Request.
  Time since last request: 0.000018 seconds.
  path: Assets/GDD - Quinnipiac/Pixel Art Character Package/Characters/Frank/Frank White/Crouch.anim
  artifactKey: Guid(cd0bac47d7f166e4cad16bb5c04a8070) Importer(2089858483,b0f066a214c2f5e87bad3c948f4d605d)
Start importing Assets/GDD - Quinnipiac/Pixel Art Character Package/Characters/Frank/Frank White/Crouch.anim using Guid(cd0bac47d7f166e4cad16bb5c04a8070) Importer(2089858483,b0f066a214c2f5e87bad3c948f4d605d) (ScriptedImporter) -> (artifact id: '18c9198635691819ee15287aaeb6d20f') in 0.0286653 seconds
Number of updated asset objects reloaded before import = 0Number of asset objects unloaded after import = 1

========================================================================
Received Import Request.
  Time since last request: 0.000019 seconds.
  path: Assets/GDD - Quinnipiac/Pixel Art Character Package/Characters/Speckle/Speckle Orange/Speckle run-Sheet(1).png
  artifactKey: Guid(c5151847b162f944ba3a1d21aff5c43f) Importer(2089858483,b0f066a214c2f5e87bad3c948f4d605d)
Start importing Assets/GDD - Quinnipiac/Pixel Art Character Package/Characters/Speckle/Speckle Orange/Speckle run-Sheet(1).png using Guid(c5151847b162f944ba3a1d21aff5c43f) Importer(2089858483,b0f066a214c2f5e87bad3c948f4d605d) (ScriptedImporter) -> (artifact id: '31c109022ee92f7fb2f53ed808c1e773') in 0.0517042 seconds
Number of updated asset objects reloaded before import = 0Number of asset objects unloaded after import = 6

========================================================================
Received Import Request.
  Time since last request: 0.000025 seconds.
  path: Assets/GDD - Quinnipiac/Pixel Art Character Package/Characters/Speckle/Speckle Orange/Idle.anim
  artifactKey: Guid(a9001b1c8e2f46f41919247070d9b177) Importer(2089858483,b0f066a214c2f5e87bad3c948f4d605d)
Start importing Assets/GDD - Quinnipiac/Pixel Art Character Package/Characters/Speckle/Speckle Orange/Idle.anim using Guid(a9001b1c8e2f46f41919247070d9b177) Importer(2089858483,b0f066a214c2f5e87bad3c948f4d605d) (ScriptedImporter) -> (artifact id: '96970ed2b0ae6b9d6f5742cc4359f1f2') in 0.0291227 seconds
Number of updated asset objects reloaded before import = 0Number of asset objects unloaded after import = 1

========================================================================
Received Import Request.
  Time since last request: 0.000030 seconds.
  path: Assets/GDD - Quinnipiac/Pixel Art Character Package/Characters/Frank/Frank White
  artifactKey: Guid(6fa43db855158a742b717b86396a364d) Importer(2089858483,b0f066a214c2f5e87bad3c948f4d605d)
Start importing Assets/GDD - Quinnipiac/Pixel Art Character Package/Characters/Frank/Frank White using Guid(6fa43db855158a742b717b86396a364d) Importer(2089858483,b0f066a214c2f5e87bad3c948f4d605d) (ScriptedImporter) -> (artifact id: 'c0d31eee20f377dc9875db90a5a33faf') in 0.0126076 seconds
Number of updated asset objects reloaded before import = 0Number of asset objects unloaded after import = 1

========================================================================
Received Import Request.
  Time since last request: 0.000017 seconds.
  path: Assets/GDD - Quinnipiac/Pixel Art Character Package/Characters/Valkyrie/Valkyrie Blue/Valkyrie Walk 3-Sheet.png
  artifactKey: Guid(f4d270c6c49ebdf4aa1c3b2c749c185a) Importer(2089858483,b0f066a214c2f5e87bad3c948f4d605d)
Start importing Assets/GDD - Quinnipiac/Pixel Art Character Package/Characters/Valkyrie/Valkyrie Blue/Valkyrie Walk 3-Sheet.png using Guid(f4d270c6c49ebdf4aa1c3b2c749c185a) Importer(2089858483,b0f066a214c2f5e87bad3c948f4d605d) (ScriptedImporter) -> (artifact id: '5480e7c8e1c2a79582c9afcd403adc26') in 0.0454774 seconds
Number of updated asset objects reloaded before import = 0Number of asset objects unloaded after import = 6

========================================================================
Received Import Request.
  Time since last request: 0.000041 seconds.
  path: Assets/GDD - Quinnipiac/Pixel Art Character Package/Characters/Addergul/Addergul Dark Blue/Death.anim
  artifactKey: Guid(0dde2f975b3c14f4eb6af1bbd8c64eb6) Importer(2089858483,b0f066a214c2f5e87bad3c948f4d605d)
Start importing Assets/GDD - Quinnipiac/Pixel Art Character Package/Characters/Addergul/Addergul Dark Blue/Death.anim using Guid(0dde2f975b3c14f4eb6af1bbd8c64eb6) Importer(2089858483,b0f066a214c2f5e87bad3c948f4d605d) (ScriptedImporter) -> (artifact id: '457a020c395af2d90dea9cde42226643') in 0.0241609 seconds
Number of updated asset objects reloaded before import = 0Number of asset objects unloaded after import = 1

========================================================================
Received Import Request.
  Time since last request: 0.000032 seconds.
  path: Assets/GDD - Quinnipiac/Pixel Art Character Package/Characters/Speckle/Speckle Turquoise/Speckle Turquoise.controller
  artifactKey: Guid(1893856d3e85d604d9a55dd472d1edeb) Importer(2089858483,b0f066a214c2f5e87bad3c948f4d605d)
Start importing Assets/GDD - Quinnipiac/Pixel Art Character Package/Characters/Speckle/Speckle Turquoise/Speckle Turquoise.controller using Guid(1893856d3e85d604d9a55dd472d1edeb) Importer(2089858483,b0f066a214c2f5e87bad3c948f4d605d) (ScriptedImporter) -> (artifact id: '7d6aa8ac4340b7e3a37f7173f56aa23c') in 0.0200684 seconds
Number of updated asset objects reloaded before import = 0Number of asset objects unloaded after import = 18

========================================================================
Received Import Request.
  Time since last request: 0.000016 seconds.
  path: Assets/GDD - Quinnipiac/Pixel Art Character Package/Characters/Valkyrie/Valkyrie Grey/Valkyrie Run 2-Sheet.png
  artifactKey: Guid(fd28fe142e0eb094c9ed7272603cf171) Importer(2089858483,b0f066a214c2f5e87bad3c948f4d605d)
Start importing Assets/GDD - Quinnipiac/Pixel Art Character Package/Characters/Valkyrie/Valkyrie Grey/Valkyrie Run 2-Sheet.png using Guid(fd28fe142e0eb094c9ed7272603cf171) Importer(2089858483,b0f066a214c2f5e87bad3c948f4d605d) (ScriptedImporter) -> (artifact id: '0eba655f1fe8b51aa5dba81301cedde3') in 0.039685 seconds
Number of updated asset objects reloaded before import = 0Number of asset objects unloaded after import = 6

========================================================================
Received Import Request.
  Time since last request: 0.000023 seconds.
  path: Assets/GDD - Quinnipiac/Pixel Art Character Package/Characters/Rattles/Rattles Blue/Hit.anim
  artifactKey: Guid(ba5df274139d46443b00b303a5e21eb6) Importer(2089858483,b0f066a214c2f5e87bad3c948f4d605d)
Start importing Assets/GDD - Quinnipiac/Pixel Art Character Package/Characters/Rattles/Rattles Blue/Hit.anim using Guid(ba5df274139d46443b00b303a5e21eb6) Importer(2089858483,b0f066a214c2f5e87bad3c948f4d605d) (ScriptedImporter) -> (artifact id: '7520eb85d2e2e95fe6f6f421420d32b4') in 0.0198057 seconds
Number of updated asset objects reloaded before import = 0Number of asset objects unloaded after import = 1

========================================================================
Received Import Request.
  Time since last request: 0.000031 seconds.
  path: Assets/GDD - Quinnipiac/Pixel Art Character Package/Weapons/Speckles Weapons/Animation Controllers
  artifactKey: Guid(f4606fbf2df580f4e8d5e44e7c4ab3a5) Importer(2089858483,b0f066a214c2f5e87bad3c948f4d605d)
Start importing Assets/GDD - Quinnipiac/Pixel Art Character Package/Weapons/Speckles Weapons/Animation Controllers using Guid(f4606fbf2df580f4e8d5e44e7c4ab3a5) Importer(2089858483,b0f066a214c2f5e87bad3c948f4d605d) (ScriptedImporter) -> (artifact id: 'c41cfb20782314ec1cd9bb3a8fea2e5d') in 0.0129226 seconds
Number of updated asset objects reloaded before import = 0Number of asset objects unloaded after import = 1

========================================================================
Received Import Request.
  Time since last request: 0.000019 seconds.
  path: Assets/GDD - Quinnipiac/Pixel Art Character Package/Characters/Deton/Deton Green/Crouch.anim
  artifactKey: Guid(6a262077dd0584f4ba4f16c4a7ca235c) Importer(2089858483,b0f066a214c2f5e87bad3c948f4d605d)
Start importing Assets/GDD - Quinnipiac/Pixel Art Character Package/Characters/Deton/Deton Green/Crouch.anim using Guid(6a262077dd0584f4ba4f16c4a7ca235c) Importer(2089858483,b0f066a214c2f5e87bad3c948f4d605d) (ScriptedImporter) -> (artifact id: '68efee9366076436a6c38acef7381e52') in 0.0212696 seconds
Number of updated asset objects reloaded before import = 0Number of asset objects unloaded after import = 1

========================================================================
Received Import Request.
  Time since last request: 0.000018 seconds.
  path: Assets/GDD - Quinnipiac/Pixel Art Character Package/Characters/Deton/Deton Red/Crouch.anim
  artifactKey: Guid(3848a96df9ad6ee4298a3d4fccf13d21) Importer(2089858483,b0f066a214c2f5e87bad3c948f4d605d)
Start importing Assets/GDD - Quinnipiac/Pixel Art Character Package/Characters/Deton/Deton Red/Crouch.anim using Guid(3848a96df9ad6ee4298a3d4fccf13d21) Importer(2089858483,b0f066a214c2f5e87bad3c948f4d605d) (ScriptedImporter) -> (artifact id: '0e40366c9bf5bebf8ce6846490562f39') in 0.0142077 seconds
Number of updated asset objects reloaded before import = 0Number of asset objects unloaded after import = 1

========================================================================
Received Import Request.
  Time since last request: 0.000026 seconds.
  path: Assets/GDD - Quinnipiac/Pixel Art Character Package/Weapons/Koboiled Weapons/Spritesheets/Koboiled Attack.png
  artifactKey: Guid(13a08bd33387a1f4196fa6f832b17c53) Importer(2089858483,b0f066a214c2f5e87bad3c948f4d605d)
Start importing Assets/GDD - Quinnipiac/Pixel Art Character Package/Weapons/Koboiled Weapons/Spritesheets/Koboiled Attack.png using Guid(13a08bd33387a1f4196fa6f832b17c53) Importer(2089858483,b0f066a214c2f5e87bad3c948f4d605d) (ScriptedImporter) -> (artifact id: 'cb662992f3c5f2e8ab5a9d3bb37bcda4') in 0.051717 seconds
Number of updated asset objects reloaded before import = 0Number of asset objects unloaded after import = 6

========================================================================
Received Import Request.
  Time since last request: 0.000030 seconds.
  path: Assets/GDD - Quinnipiac/Pixel Art Character Package/Characters/Addergul/Addergul White/Walk.anim
  artifactKey: Guid(d36fed8c733f18e4ea8c9ae6cd19ca7a) Importer(2089858483,b0f066a214c2f5e87bad3c948f4d605d)
Start importing Assets/GDD - Quinnipiac/Pixel Art Character Package/Characters/Addergul/Addergul White/Walk.anim using Guid(d36fed8c733f18e4ea8c9ae6cd19ca7a) Importer(2089858483,b0f066a214c2f5e87bad3c948f4d605d) (ScriptedImporter) -> (artifact id: '606bf61a1ccd2971a42a604b3ba46f8f') in 0.0247476 seconds
Number of updated asset objects reloaded before import = 0Number of asset objects unloaded after import = 1

========================================================================
Received Import Request.
  Time since last request: 0.000019 seconds.
  path: Assets/GDD - Quinnipiac/Pixel Art Character Package/Characters/Addergul/Addergul Orange/Addergul death 4-Sheet.png
  artifactKey: Guid(59f12573b324d574aafdec8043cc4731) Importer(2089858483,b0f066a214c2f5e87bad3c948f4d605d)
Start importing Assets/GDD - Quinnipiac/Pixel Art Character Package/Characters/Addergul/Addergul Orange/Addergul death 4-Sheet.png using Guid(59f12573b324d574aafdec8043cc4731) Importer(2089858483,b0f066a214c2f5e87bad3c948f4d605d) (ScriptedImporter) -> (artifact id: 'bc00394bba11a742f736d96db0d37c92') in 0.0567899 seconds
Number of updated asset objects reloaded before import = 0Number of asset objects unloaded after import = 8

========================================================================
Received Import Request.
  Time since last request: 0.000023 seconds.
  path: Assets/GDD - Quinnipiac/Pixel Art Character Package/Characters/Addergul/Addergul Orange/Hit.anim
  artifactKey: Guid(61609ce593970204d8475d8b9bb59b18) Importer(2089858483,b0f066a214c2f5e87bad3c948f4d605d)
Start importing Assets/GDD - Quinnipiac/Pixel Art Character Package/Characters/Addergul/Addergul Orange/Hit.anim using Guid(61609ce593970204d8475d8b9bb59b18) Importer(2089858483,b0f066a214c2f5e87bad3c948f4d605d) (ScriptedImporter) -> (artifact id: 'ae02295ff7a6804c3e0a28293bd18516') in 0.0181329 seconds
Number of updated asset objects reloaded before import = 0Number of asset objects unloaded after import = 1

========================================================================
Received Import Request.
  Time since last request: 0.000031 seconds.
  path: Assets/GDD - Quinnipiac/Pixel Art Character Package/Characters/Puppeteer/Puppeteer Black/Walk.anim
  artifactKey: Guid(226365e2d7b13d645b6f776dd1f66fb7) Importer(2089858483,b0f066a214c2f5e87bad3c948f4d605d)
Start importing Assets/GDD - Quinnipiac/Pixel Art Character Package/Characters/Puppeteer/Puppeteer Black/Walk.anim using Guid(226365e2d7b13d645b6f776dd1f66fb7) Importer(2089858483,b0f066a214c2f5e87bad3c948f4d605d) (ScriptedImporter) -> (artifact id: 'ff8aabc4dc2385a60af46790b6ffd5fe') in 0.0135964 seconds
Number of updated asset objects reloaded before import = 0Number of asset objects unloaded after import = 1

========================================================================
Received Import Request.
  Time since last request: 0.000019 seconds.
  path: Assets/GDD - Quinnipiac/Pixel Art Character Package/Characters/Addergul/Addergul Orange/Addergul hit 4-Sheet.png
  artifactKey: Guid(2c7ca53db6f930e4fb183a5545e83927) Importer(2089858483,b0f066a214c2f5e87bad3c948f4d605d)
Start importing Assets/GDD - Quinnipiac/Pixel Art Character Package/Characters/Addergul/Addergul Orange/Addergul hit 4-Sheet.png using Guid(2c7ca53db6f930e4fb183a5545e83927) Importer(2089858483,b0f066a214c2f5e87bad3c948f4d605d) (ScriptedImporter) -> (artifact id: 'b088efda711d70391c248a1b2003eac2') in 0.0488833 seconds
Number of updated asset objects reloaded before import = 0Number of asset objects unloaded after import = 6

========================================================================
Received Import Request.
  Time since last request: 0.000026 seconds.
  path: Assets/GDD - Quinnipiac/Pixel Art Character Package/Weapons/Addergul Weapons/Spritesheets
  artifactKey: Guid(17e34a4a62f57f641a8abd8fffe79f66) Importer(2089858483,b0f066a214c2f5e87bad3c948f4d605d)
Start importing Assets/GDD - Quinnipiac/Pixel Art Character Package/Weapons/Addergul Weapons/Spritesheets using Guid(17e34a4a62f57f641a8abd8fffe79f66) Importer(2089858483,b0f066a214c2f5e87bad3c948f4d605d) (ScriptedImporter) -> (artifact id: 'a3e7b0e98fb8bea88cc6c6944e65e0c1') in 0.0115656 seconds
Number of updated asset objects reloaded before import = 0Number of asset objects unloaded after import = 1

========================================================================
Received Import Request.
  Time since last request: 0.000033 seconds.
  path: Assets/GDD - Quinnipiac/Pixel Art Character Package/Characters/Addergul/Addergul Dark Blue/Addergul run 2-Sheet.png
  artifactKey: Guid(d81173211fa026d4f89ca7cfe5bfd48d) Importer(2089858483,b0f066a214c2f5e87bad3c948f4d605d)
Start importing Assets/GDD - Quinnipiac/Pixel Art Character Package/Characters/Addergul/Addergul Dark Blue/Addergul run 2-Sheet.png using Guid(d81173211fa026d4f89ca7cfe5bfd48d) Importer(2089858483,b0f066a214c2f5e87bad3c948f4d605d) (ScriptedImporter) -> (artifact id: 'aca21f57dcefc84973df203fee4fbc3e') in 0.0397474 seconds
Number of updated asset objects reloaded before import = 0Number of asset objects unloaded after import = 6

========================================================================
Received Import Request.
  Time since last request: 0.000021 seconds.
  path: Assets/GDD - Quinnipiac/Pixel Art Character Package/Characters/Frank
  artifactKey: Guid(fc1b74904d622b944ad90b05728fe20e) Importer(2089858483,b0f066a214c2f5e87bad3c948f4d605d)
Start importing Assets/GDD - Quinnipiac/Pixel Art Character Package/Characters/Frank using Guid(fc1b74904d622b944ad90b05728fe20e) Importer(2089858483,b0f066a214c2f5e87bad3c948f4d605d) (ScriptedImporter) -> (artifact id: 'e1d2a77e9522849644ca5e36ca4b3eb6') in 0.012701 seconds
Number of updated asset objects reloaded before import = 0Number of asset objects unloaded after import = 1

========================================================================
Received Import Request.
  Time since last request: 0.000020 seconds.
  path: Assets/GDD - Quinnipiac/Pixel Art Character Package/Characters/Rattles/Rattles Purple/Rattles run 4-Sheet.png
  artifactKey: Guid(1ce47be1382a9de4e941b6a4dd68d89a) Importer(2089858483,b0f066a214c2f5e87bad3c948f4d605d)
Start importing Assets/GDD - Quinnipiac/Pixel Art Character Package/Characters/Rattles/Rattles Purple/Rattles run 4-Sheet.png using Guid(1ce47be1382a9de4e941b6a4dd68d89a) Importer(2089858483,b0f066a214c2f5e87bad3c948f4d605d) (ScriptedImporter) -> (artifact id: '7bf0663602b8c15eff4ef76fa6e8732c') in 0.0524498 seconds
Number of updated asset objects reloaded before import = 0Number of asset objects unloaded after import = 6

========================================================================
Received Import Request.
  Time since last request: 0.000025 seconds.
  path: Assets/GDD - Quinnipiac/Pixel Art Character Package/Characters/Addergul/Addergul Pink/Addergul crouch 3-Sheet.png
  artifactKey: Guid(bdddcba6477e00244bdaeeccc4f59af1) Importer(2089858483,b0f066a214c2f5e87bad3c948f4d605d)
Start importing Assets/GDD - Quinnipiac/Pixel Art Character Package/Characters/Addergul/Addergul Pink/Addergul crouch 3-Sheet.png using Guid(bdddcba6477e00244bdaeeccc4f59af1) Importer(2089858483,b0f066a214c2f5e87bad3c948f4d605d) (ScriptedImporter) -> (artifact id: '8d04a53575ac6a144b027b7e6b43c3a9') in 0.085391 seconds
Number of updated asset objects reloaded before import = 0Number of asset objects unloaded after import = 10

========================================================================
Received Import Request.
  Time since last request: 0.000032 seconds.
  path: Assets/GDD - Quinnipiac/Pixel Art Character Package/Characters/Deton/Deton Red/Deton Death 4-Sheet.png
  artifactKey: Guid(2a0a4900cfd5ca34d8b3d912bf3c0d5c) Importer(2089858483,b0f066a214c2f5e87bad3c948f4d605d)
Start importing Assets/GDD - Quinnipiac/Pixel Art Character Package/Characters/Deton/Deton Red/Deton Death 4-Sheet.png using Guid(2a0a4900cfd5ca34d8b3d912bf3c0d5c) Importer(2089858483,b0f066a214c2f5e87bad3c948f4d605d) (ScriptedImporter) -> (artifact id: 'e3e49e3bf204a82cf5567e73966e1d21') in 0.0641341 seconds
Number of updated asset objects reloaded before import = 0Number of asset objects unloaded after import = 15

========================================================================
Received Import Request.
  Time since last request: 0.000020 seconds.
  path: Assets/GDD - Quinnipiac/Pixel Art Character Package/Scripts/Grid.cs
  artifactKey: Guid(bd0e977274c34464f8793bf87efd881f) Importer(2089858483,b0f066a214c2f5e87bad3c948f4d605d)
Start importing Assets/GDD - Quinnipiac/Pixel Art Character Package/Scripts/Grid.cs using Guid(bd0e977274c34464f8793bf87efd881f) Importer(2089858483,b0f066a214c2f5e87bad3c948f4d605d) (ScriptedImporter) -> (artifact id: 'a9336c26486d6a8b117650c3aafbc32f') in 0.0148615 seconds
Number of updated asset objects reloaded before import = 0Number of asset objects unloaded after import = 0

========================================================================
Received Import Request.
  Time since last request: 0.000025 seconds.
  path: Assets/GDD - Quinnipiac/Pixel Art Character Package/Characters/Deton/Deton Red/Death.anim
  artifactKey: Guid(0110964f8505e5449816aa80754e6e68) Importer(2089858483,b0f066a214c2f5e87bad3c948f4d605d)
Start importing Assets/GDD - Quinnipiac/Pixel Art Character Package/Characters/Deton/Deton Red/Death.anim using Guid(0110964f8505e5449816aa80754e6e68) Importer(2089858483,b0f066a214c2f5e87bad3c948f4d605d) (ScriptedImporter) -> (artifact id: '89e759b5d264d7b862f41ed1c63464c6') in 0.0208395 seconds
Number of updated asset objects reloaded before import = 0Number of asset objects unloaded after import = 1

========================================================================
Received Import Request.
  Time since last request: 0.000030 seconds.
  path: Assets/GDD - Quinnipiac/Pixel Art Character Package/Characters/Koboiled/Koboiled Orange/Death.anim
  artifactKey: Guid(8d800b9547b40624d8a89a794f7c852b) Importer(2089858483,b0f066a214c2f5e87bad3c948f4d605d)
Start importing Assets/GDD - Quinnipiac/Pixel Art Character Package/Characters/Koboiled/Koboiled Orange/Death.anim using Guid(8d800b9547b40624d8a89a794f7c852b) Importer(2089858483,b0f066a214c2f5e87bad3c948f4d605d) (ScriptedImporter) -> (artifact id: '2e4883fa8ef6fda1ce83496b5e79b55c') in 0.0147965 seconds
Number of updated asset objects reloaded before import = 0Number of asset objects unloaded after import = 1

========================================================================
Received Import Request.
  Time since last request: 0.000020 seconds.
  path: Assets/GDD - Quinnipiac/Pixel Art Character Package/Characters/Puppeteer/Puppeteer Black/the puppet walk 4-Sheet.png
  artifactKey: Guid(c02f79d9e3fd3eb4db30448b1f53ade2) Importer(2089858483,b0f066a214c2f5e87bad3c948f4d605d)
Start importing Assets/GDD - Quinnipiac/Pixel Art Character Package/Characters/Puppeteer/Puppeteer Black/the puppet walk 4-Sheet.png using Guid(c02f79d9e3fd3eb4db30448b1f53ade2) Importer(2089858483,b0f066a214c2f5e87bad3c948f4d605d) (ScriptedImporter) -> (artifact id: 'b0a7b584128d7dffc95142673c59a76c') in 0.0719456 seconds
Number of updated asset objects reloaded before import = 0Number of asset objects unloaded after import = 7

========================================================================
Received Import Request.
  Time since last request: 0.000030 seconds.
  path: Assets/GDD - Quinnipiac/Pixel Art Character Package/Characters/Goop/Goop Green/Idle.anim
  artifactKey: Guid(d6e63f4374958674ca4ac4c8df6326fe) Importer(2089858483,b0f066a214c2f5e87bad3c948f4d605d)
Start importing Assets/GDD - Quinnipiac/Pixel Art Character Package/Characters/Goop/Goop Green/Idle.anim using Guid(d6e63f4374958674ca4ac4c8df6326fe) Importer(2089858483,b0f066a214c2f5e87bad3c948f4d605d) (ScriptedImporter) -> (artifact id: 'e6f1ab0b03c71b0d516ab18a8e5c96e3') in 0.0407308 seconds
Number of updated asset objects reloaded before import = 0Number of asset objects unloaded after import = 1

========================================================================
Received Import Request.
  Time since last request: 0.000029 seconds.
  path: Assets/GDD - Quinnipiac/Pixel Art Character Package/Characters/Rattles/Rattles Purple/Rattles Purple.controller
  artifactKey: Guid(ccd668adfcbc43c4da3f6755ecdabbab) Importer(2089858483,b0f066a214c2f5e87bad3c948f4d605d)
Start importing Assets/GDD - Quinnipiac/Pixel Art Character Package/Characters/Rattles/Rattles Purple/Rattles Purple.controller using Guid(ccd668adfcbc43c4da3f6755ecdabbab) Importer(2089858483,b0f066a214c2f5e87bad3c948f4d605d) (ScriptedImporter) -> (artifact id: '5f5ee7e430ab87d20ebe3661d7c97f9b') in 0.0209814 seconds
Number of updated asset objects reloaded before import = 0Number of asset objects unloaded after import = 20

========================================================================
Received Import Request.
  Time since last request: 0.000019 seconds.
  path: Assets/GDD - Quinnipiac/Pixel Art Character Package/Characters/Koboiled/Koboiled Green/Crouch.anim
  artifactKey: Guid(f26360e7bc98d9f47b15ff2d0367eaa9) Importer(2089858483,b0f066a214c2f5e87bad3c948f4d605d)
Start importing Assets/GDD - Quinnipiac/Pixel Art Character Package/Characters/Koboiled/Koboiled Green/Crouch.anim using Guid(f26360e7bc98d9f47b15ff2d0367eaa9) Importer(2089858483,b0f066a214c2f5e87bad3c948f4d605d) (ScriptedImporter) -> (artifact id: '3ee11ab33f780269dbd901728ed83d26') in 0.0239755 seconds
Number of updated asset objects reloaded before import = 0Number of asset objects unloaded after import = 1

========================================================================
Received Import Request.
  Time since last request: 0.000019 seconds.
  path: Assets/GDD - Quinnipiac/Pixel Art Character Package/Characters/Koboiled/Koboiled Pink/Idle.anim
  artifactKey: Guid(88c33a867de1a9f46bdb65cabc936afd) Importer(2089858483,b0f066a214c2f5e87bad3c948f4d605d)
Start importing Assets/GDD - Quinnipiac/Pixel Art Character Package/Characters/Koboiled/Koboiled Pink/Idle.anim using Guid(88c33a867de1a9f46bdb65cabc936afd) Importer(2089858483,b0f066a214c2f5e87bad3c948f4d605d) (ScriptedImporter) -> (artifact id: 'a0af3433cf4b9eb9621aa2140490d759') in 0.0188787 seconds
Number of updated asset objects reloaded before import = 0Number of asset objects unloaded after import = 1

========================================================================
Received Import Request.
  Time since last request: 0.000023 seconds.
  path: Assets/GDD - Quinnipiac/Pixel Art Character Package/Characters/Speckle/Speckle Green/Speckle Green.controller
  artifactKey: Guid(afe9e264830827041aba8e6e9172856f) Importer(2089858483,b0f066a214c2f5e87bad3c948f4d605d)
Start importing Assets/GDD - Quinnipiac/Pixel Art Character Package/Characters/Speckle/Speckle Green/Speckle Green.controller using Guid(afe9e264830827041aba8e6e9172856f) Importer(2089858483,b0f066a214c2f5e87bad3c948f4d605d) (ScriptedImporter) -> (artifact id: '1058dd55e7b169f3339bc0f90df661a1') in 0.0137448 seconds
Number of updated asset objects reloaded before import = 0Number of asset objects unloaded after import = 18

========================================================================
Received Import Request.
  Time since last request: 0.000035 seconds.
  path: Assets/GDD - Quinnipiac/Pixel Art Character Package/Characters/Rattles/Rattles Purple/Rattles crouch 4-Sheet.png
  artifactKey: Guid(5b5e0623ff4616540b4644f4a8f5ea4f) Importer(2089858483,b0f066a214c2f5e87bad3c948f4d605d)
Start importing Assets/GDD - Quinnipiac/Pixel Art Character Package/Characters/Rattles/Rattles Purple/Rattles crouch 4-Sheet.png using Guid(5b5e0623ff4616540b4644f4a8f5ea4f) Importer(2089858483,b0f066a214c2f5e87bad3c948f4d605d) (ScriptedImporter) -> (artifact id: 'f6041530d38d726c907355288b96ea6a') in 0.0772491 seconds
Number of updated asset objects reloaded before import = 0Number of asset objects unloaded after import = 10

========================================================================
Received Import Request.
  Time since last request: 0.000020 seconds.
  path: Assets/GDD - Quinnipiac/Pixel Art Character Package/Characters/Speckle/Speckle Green/Speckle turn-Sheet.png
  artifactKey: Guid(330be3d6ee972d849aadaf0ef33ab3be) Importer(2089858483,b0f066a214c2f5e87bad3c948f4d605d)
Start importing Assets/GDD - Quinnipiac/Pixel Art Character Package/Characters/Speckle/Speckle Green/Speckle turn-Sheet.png using Guid(330be3d6ee972d849aadaf0ef33ab3be) Importer(2089858483,b0f066a214c2f5e87bad3c948f4d605d) (ScriptedImporter) -> (artifact id: '1fda3caafa419fa03412f507e773f108') in 0.0564722 seconds
Number of updated asset objects reloaded before import = 0Number of asset objects unloaded after import = 7

========================================================================
Received Import Request.
  Time since last request: 0.000030 seconds.
  path: Assets/GDD - Quinnipiac/Pixel Art Character Package/Weapons/Addergul Weapons/Animations/Addergul Attack.anim
  artifactKey: Guid(b108ff9265d3c11448ab7e7cf3f21829) Importer(2089858483,b0f066a214c2f5e87bad3c948f4d605d)
Start importing Assets/GDD - Quinnipiac/Pixel Art Character Package/Weapons/Addergul Weapons/Animations/Addergul Attack.anim using Guid(b108ff9265d3c11448ab7e7cf3f21829) Importer(2089858483,b0f066a214c2f5e87bad3c948f4d605d) (ScriptedImporter) -> (artifact id: 'be90be0a38d60f57bed072271f9d4133') in 0.0148922 seconds
Number of updated asset objects reloaded before import = 0Number of asset objects unloaded after import = 1

========================================================================
Received Import Request.
  Time since last request: 0.000049 seconds.
  path: Assets/GDD - Quinnipiac/Pixel Art Character Package/Weapons/Koboiled Weapons/Animation Controllers/Koboiled Attack.controller
  artifactKey: Guid(4ef0cd30bcaec9145a3097ba9e0a9afe) Importer(2089858483,b0f066a214c2f5e87bad3c948f4d605d)
Start importing Assets/GDD - Quinnipiac/Pixel Art Character Package/Weapons/Koboiled Weapons/Animation Controllers/Koboiled Attack.controller using Guid(4ef0cd30bcaec9145a3097ba9e0a9afe) Importer(2089858483,b0f066a214c2f5e87bad3c948f4d605d) (ScriptedImporter) -> (artifact id: 'b9fa4f21b5f5f52e4fa880e0cdee88cf') in 0.0209833 seconds
Number of updated asset objects reloaded before import = 0Number of asset objects unloaded after import = 3

========================================================================
Received Import Request.
  Time since last request: 0.000018 seconds.
  path: Assets/GDD - Quinnipiac/Pixel Art Character Package/Characters/Speckle/Speckle Orange/Crouch.anim
  artifactKey: Guid(108e064d7fdcf9b46beefc97344fd0b9) Importer(2089858483,b0f066a214c2f5e87bad3c948f4d605d)
Start importing Assets/GDD - Quinnipiac/Pixel Art Character Package/Characters/Speckle/Speckle Orange/Crouch.anim using Guid(108e064d7fdcf9b46beefc97344fd0b9) Importer(2089858483,b0f066a214c2f5e87bad3c948f4d605d) (ScriptedImporter) -> (artifact id: '320b7dc2737c2dabc4fa57e944889dc9') in 0.0181004 seconds
Number of updated asset objects reloaded before import = 0Number of asset objects unloaded after import = 1

========================================================================
Received Import Request.
  Time since last request: 0.000020 seconds.
  path: Assets/GDD - Quinnipiac/Pixel Art Character Package/Characters/Rattles/Rattles Blue/crouch.anim
  artifactKey: Guid(3fbda6429ff32b0419ca0ea166e0cbf0) Importer(2089858483,b0f066a214c2f5e87bad3c948f4d605d)
Start importing Assets/GDD - Quinnipiac/Pixel Art Character Package/Characters/Rattles/Rattles Blue/crouch.anim using Guid(3fbda6429ff32b0419ca0ea166e0cbf0) Importer(2089858483,b0f066a214c2f5e87bad3c948f4d605d) (ScriptedImporter) -> (artifact id: 'b2ccbaa647750fcac3ef938d43989326') in 0.0148408 seconds
Number of updated asset objects reloaded before import = 0Number of asset objects unloaded after import = 1

========================================================================
Received Import Request.
  Time since last request: 0.000031 seconds.
  path: Assets/GDD - Quinnipiac/Pixel Art Character Package/Characters/Deton/Deton Red/Deton Idle 4-Sheet.png
  artifactKey: Guid(7566a6f02997bbe4fb5cc83dedfa0c4d) Importer(2089858483,b0f066a214c2f5e87bad3c948f4d605d)
Start importing Assets/GDD - Quinnipiac/Pixel Art Character Package/Characters/Deton/Deton Red/Deton Idle 4-Sheet.png using Guid(7566a6f02997bbe4fb5cc83dedfa0c4d) Importer(2089858483,b0f066a214c2f5e87bad3c948f4d605d) (ScriptedImporter) -> (artifact id: '3067de2fa3b5a9f68f65fc25d3d41a13') in 0.0593785 seconds
Number of updated asset objects reloaded before import = 0Number of asset objects unloaded after import = 8

========================================================================
Received Import Request.
  Time since last request: 0.000032 seconds.
  path: Assets/GDD - Quinnipiac/Pixel Art Character Package/Characters/Rattles/Rattles Purple/Run with Sword.anim
  artifactKey: Guid(49c41f0b5b834cb47ae1c1eba9d547b8) Importer(2089858483,b0f066a214c2f5e87bad3c948f4d605d)
Start importing Assets/GDD - Quinnipiac/Pixel Art Character Package/Characters/Rattles/Rattles Purple/Run with Sword.anim using Guid(49c41f0b5b834cb47ae1c1eba9d547b8) Importer(2089858483,b0f066a214c2f5e87bad3c948f4d605d) (ScriptedImporter) -> (artifact id: '51c64b9cef88e159c43dc59770932a37') in 0.0133303 seconds
Number of updated asset objects reloaded before import = 0Number of asset objects unloaded after import = 1

========================================================================
Received Import Request.
  Time since last request: 0.000020 seconds.
  path: Assets/GDD - Quinnipiac/Pixel Art Character Package/Characters/Puppeteer/Puppeteer Blue/Air.anim
  artifactKey: Guid(1653e5a7d4cbe9144bb5b405718dba9c) Importer(2089858483,b0f066a214c2f5e87bad3c948f4d605d)
Start importing Assets/GDD - Quinnipiac/Pixel Art Character Package/Characters/Puppeteer/Puppeteer Blue/Air.anim using Guid(1653e5a7d4cbe9144bb5b405718dba9c) Importer(2089858483,b0f066a214c2f5e87bad3c948f4d605d) (ScriptedImporter) -> (artifact id: '937f7758c5bb04af6dc40beeb9b0ede4') in 0.0186028 seconds
Number of updated asset objects reloaded before import = 0Number of asset objects unloaded after import = 1

========================================================================
Received Import Request.
  Time since last request: 0.000020 seconds.
  path: Assets/GDD - Quinnipiac/Pixel Art Character Package/Characters/Addergul
  artifactKey: Guid(7346880511484a14382b597cd87ecdf2) Importer(2089858483,b0f066a214c2f5e87bad3c948f4d605d)
Start importing Assets/GDD - Quinnipiac/Pixel Art Character Package/Characters/Addergul using Guid(7346880511484a14382b597cd87ecdf2) Importer(2089858483,b0f066a214c2f5e87bad3c948f4d605d) (ScriptedImporter) -> (artifact id: '37f48535c451a22e55e7722c4d6ee5ea') in 0.0123592 seconds
Number of updated asset objects reloaded before import = 0Number of asset objects unloaded after import = 1

========================================================================
Received Import Request.
  Time since last request: 0.000022 seconds.
  path: Assets/GDD - Quinnipiac/Pixel Art Character Package/Characters/Koboiled/Koboiled Red/Run.anim
  artifactKey: Guid(7b2cc63c09036424eb8ffc0786e70f67) Importer(2089858483,b0f066a214c2f5e87bad3c948f4d605d)
Start importing Assets/GDD - Quinnipiac/Pixel Art Character Package/Characters/Koboiled/Koboiled Red/Run.anim using Guid(7b2cc63c09036424eb8ffc0786e70f67) Importer(2089858483,b0f066a214c2f5e87bad3c948f4d605d) (ScriptedImporter) -> (artifact id: '18d6842da48e7ac038c4b4f727c59289') in 0.0152215 seconds
Number of updated asset objects reloaded before import = 0Number of asset objects unloaded after import = 1

========================================================================
Received Import Request.
  Time since last request: 0.000031 seconds.
  path: Assets/GDD - Quinnipiac/Pixel Art Character Package/Weapons/Goop Weapons/Animation Controllers/Goop Blue Attack.controller
  artifactKey: Guid(a0a3ac3ecf35ee64f9170a2b4d48e494) Importer(2089858483,b0f066a214c2f5e87bad3c948f4d605d)
Start importing Assets/GDD - Quinnipiac/Pixel Art Character Package/Weapons/Goop Weapons/Animation Controllers/Goop Blue Attack.controller using Guid(a0a3ac3ecf35ee64f9170a2b4d48e494) Importer(2089858483,b0f066a214c2f5e87bad3c948f4d605d) (ScriptedImporter) -> (artifact id: 'a13208b8d2b79763e435eb112e85a477') in 0.0134122 seconds
Number of updated asset objects reloaded before import = 0Number of asset objects unloaded after import = 3

========================================================================
Received Import Request.
  Time since last request: 0.000018 seconds.
  path: Assets/GDD - Quinnipiac/Pixel Art Character Package/Characters/Koboiled/Koboiled Orange/Turn.anim
  artifactKey: Guid(242a97f2127fd9043b73d47df5254ede) Importer(2089858483,b0f066a214c2f5e87bad3c948f4d605d)
Start importing Assets/GDD - Quinnipiac/Pixel Art Character Package/Characters/Koboiled/Koboiled Orange/Turn.anim using Guid(242a97f2127fd9043b73d47df5254ede) Importer(2089858483,b0f066a214c2f5e87bad3c948f4d605d) (ScriptedImporter) -> (artifact id: '3cc5c032e198ca696ee56c263aff61b4') in 0.0340965 seconds
Number of updated asset objects reloaded before import = 0Number of asset objects unloaded after import = 1

========================================================================
Received Import Request.
  Time since last request: 0.000040 seconds.
  path: Assets/GDD - Quinnipiac/Pixel Art Character Package/Characters/Goop/Goop Orange/goop hit 2-Sheet.png
  artifactKey: Guid(eb274f4134385534ab6ecc2b3e7f5cc4) Importer(2089858483,b0f066a214c2f5e87bad3c948f4d605d)
Start importing Assets/GDD - Quinnipiac/Pixel Art Character Package/Characters/Goop/Goop Orange/goop hit 2-Sheet.png using Guid(eb274f4134385534ab6ecc2b3e7f5cc4) Importer(2089858483,b0f066a214c2f5e87bad3c948f4d605d) (ScriptedImporter) -> (artifact id: 'c7bee7a4785905b9100ee2da9d8175a4') in 0.0441194 seconds
Number of updated asset objects reloaded before import = 0Number of asset objects unloaded after import = 6

========================================================================
Received Import Request.
  Time since last request: 0.000029 seconds.
  path: Assets/GDD - Quinnipiac/Pixel Art Character Package/Characters/Valkyrie/Valkyrie Red/Hit.anim
  artifactKey: Guid(9d980107d655a5d4a82224247b7d4382) Importer(2089858483,b0f066a214c2f5e87bad3c948f4d605d)
Start importing Assets/GDD - Quinnipiac/Pixel Art Character Package/Characters/Valkyrie/Valkyrie Red/Hit.anim using Guid(9d980107d655a5d4a82224247b7d4382) Importer(2089858483,b0f066a214c2f5e87bad3c948f4d605d) (ScriptedImporter) -> (artifact id: '3541b0b2fbb69c548c01870217f174b5') in 0.0144266 seconds
Number of updated asset objects reloaded before import = 0Number of asset objects unloaded after import = 1

========================================================================
Received Import Request.
  Time since last request: 0.000020 seconds.
  path: Assets/GDD - Quinnipiac/Pixel Art Character Package/Characters/Valkyrie/Valkyrie Red/Turn.anim
  artifactKey: Guid(343218ece041a45448fe130db941267f) Importer(2089858483,b0f066a214c2f5e87bad3c948f4d605d)
Start importing Assets/GDD - Quinnipiac/Pixel Art Character Package/Characters/Valkyrie/Valkyrie Red/Turn.anim using Guid(343218ece041a45448fe130db941267f) Importer(2089858483,b0f066a214c2f5e87bad3c948f4d605d) (ScriptedImporter) -> (artifact id: '9f1116d583606535b06e9e1d44d98091') in 0.0240989 seconds
Number of updated asset objects reloaded before import = 0Number of asset objects unloaded after import = 1

========================================================================
Received Import Request.
  Time since last request: 0.000023 seconds.
  path: Assets/GDD - Quinnipiac/Pixel Art Character Package/Characters/Rattles/Rattles Red/air.anim
  artifactKey: Guid(3880975496d9b6f48b43b497b0db9aab) Importer(2089858483,b0f066a214c2f5e87bad3c948f4d605d)
Start importing Assets/GDD - Quinnipiac/Pixel Art Character Package/Characters/Rattles/Rattles Red/air.anim using Guid(3880975496d9b6f48b43b497b0db9aab) Importer(2089858483,b0f066a214c2f5e87bad3c948f4d605d) (ScriptedImporter) -> (artifact id: '78560edca9989097bc553da69a693d1c') in 0.0275691 seconds
Number of updated asset objects reloaded before import = 0Number of asset objects unloaded after import = 1

========================================================================
Received Import Request.
  Time since last request: 0.000023 seconds.
  path: Assets/GDD - Quinnipiac/Pixel Art Character Package/Characters/Addergul/Addergul White/Turn.anim
  artifactKey: Guid(0859504d305fad84991322993cc9fba2) Importer(2089858483,b0f066a214c2f5e87bad3c948f4d605d)
Start importing Assets/GDD - Quinnipiac/Pixel Art Character Package/Characters/Addergul/Addergul White/Turn.anim using Guid(0859504d305fad84991322993cc9fba2) Importer(2089858483,b0f066a214c2f5e87bad3c948f4d605d) (ScriptedImporter) -> (artifact id: '633d966405a23b68cecc380aaa0f9d04') in 0.0325576 seconds
Number of updated asset objects reloaded before import = 0Number of asset objects unloaded after import = 1

========================================================================
Received Import Request.
  Time since last request: 0.000034 seconds.
  path: Assets/GDD - Quinnipiac/Pixel Art Character Package/Characters/Phantom/Phantom Pink/Phantom crouch 2-Sheet.png
  artifactKey: Guid(14b0ed0a364596542a99e0b96e6720ab) Importer(2089858483,b0f066a214c2f5e87bad3c948f4d605d)
Start importing Assets/GDD - Quinnipiac/Pixel Art Character Package/Characters/Phantom/Phantom Pink/Phantom crouch 2-Sheet.png using Guid(14b0ed0a364596542a99e0b96e6720ab) Importer(2089858483,b0f066a214c2f5e87bad3c948f4d605d) (ScriptedImporter) -> (artifact id: '586685baf78f7f35a51be22545e59e31') in 0.0739439 seconds
Number of updated asset objects reloaded before import = 0Number of asset objects unloaded after import = 10

========================================================================
Received Import Request.
  Time since last request: 0.000019 seconds.
  path: Assets/GDD - Quinnipiac/Pixel Art Character Package/Characters/Puppeteer/Puppeteer Grey/the_puppet_crouch-Sheet.png
  artifactKey: Guid(c1639969979adca4c9a9344571dc7c01) Importer(2089858483,b0f066a214c2f5e87bad3c948f4d605d)
Start importing Assets/GDD - Quinnipiac/Pixel Art Character Package/Characters/Puppeteer/Puppeteer Grey/the_puppet_crouch-Sheet.png using Guid(c1639969979adca4c9a9344571dc7c01) Importer(2089858483,b0f066a214c2f5e87bad3c948f4d605d) (ScriptedImporter) -> (artifact id: 'a57bd84d14a2da5bfd1dafd66ee4d3ac') in 0.0600133 seconds
Number of updated asset objects reloaded before import = 0Number of asset objects unloaded after import = 7

========================================================================
Received Import Request.
  Time since last request: 0.000023 seconds.
  path: Assets/GDD - Quinnipiac/Pixel Art Character Package/Characters/Valkyrie/Valkyrie Pink/Hit.anim
  artifactKey: Guid(f105661508a170545bc0c5e83543a82c) Importer(2089858483,b0f066a214c2f5e87bad3c948f4d605d)
Start importing Assets/GDD - Quinnipiac/Pixel Art Character Package/Characters/Valkyrie/Valkyrie Pink/Hit.anim using Guid(f105661508a170545bc0c5e83543a82c) Importer(2089858483,b0f066a214c2f5e87bad3c948f4d605d) (ScriptedImporter) -> (artifact id: '3a55c69aedf300b46f7a10195cd7dd5b') in 0.0263212 seconds
Number of updated asset objects reloaded before import = 0Number of asset objects unloaded after import = 1

========================================================================
Received Import Request.
  Time since last request: 0.000031 seconds.
  path: Assets/GDD - Quinnipiac/Pixel Art Character Package/Characters/Rattles/Rattles Red/Turn.anim
  artifactKey: Guid(27b566ba02974af4b82e8ecd7a6b57c5) Importer(2089858483,b0f066a214c2f5e87bad3c948f4d605d)
Start importing Assets/GDD - Quinnipiac/Pixel Art Character Package/Characters/Rattles/Rattles Red/Turn.anim using Guid(27b566ba02974af4b82e8ecd7a6b57c5) Importer(2089858483,b0f066a214c2f5e87bad3c948f4d605d) (ScriptedImporter) -> (artifact id: '8da77fe98f0308c8823690139faec1d9') in 0.0154139 seconds
Number of updated asset objects reloaded before import = 0Number of asset objects unloaded after import = 1

========================================================================
Received Import Request.
  Time since last request: 0.000020 seconds.
  path: Assets/GDD - Quinnipiac/Pixel Art Character Package/Weapons/Goop Weapons/Spritesheets/Goop Blue Weapon.png
  artifactKey: Guid(7c2889f73ecafac47b542f85d5aa2bfa) Importer(2089858483,b0f066a214c2f5e87bad3c948f4d605d)
Start importing Assets/GDD - Quinnipiac/Pixel Art Character Package/Weapons/Goop Weapons/Spritesheets/Goop Blue Weapon.png using Guid(7c2889f73ecafac47b542f85d5aa2bfa) Importer(2089858483,b0f066a214c2f5e87bad3c948f4d605d) (ScriptedImporter) -> (artifact id: 'ba734fddf2e2db4a90ce55adcd46eebc') in 0.0494376 seconds
Number of updated asset objects reloaded before import = 0Number of asset objects unloaded after import = 3

========================================================================
Received Import Request.
  Time since last request: 0.000016 seconds.
  path: Assets/GDD - Quinnipiac/Pixel Art Character Package/Weapons/Phantom Weapons/Animation Controllers
  artifactKey: Guid(3ac60a3321ee344419d3f5583a0dc815) Importer(2089858483,b0f066a214c2f5e87bad3c948f4d605d)
Start importing Assets/GDD - Quinnipiac/Pixel Art Character Package/Weapons/Phantom Weapons/Animation Controllers using Guid(3ac60a3321ee344419d3f5583a0dc815) Importer(2089858483,b0f066a214c2f5e87bad3c948f4d605d) (ScriptedImporter) -> (artifact id: '5682d189041c0943abc6f7ecb189da37') in 0.0115287 seconds
Number of updated asset objects reloaded before import = 0Number of asset objects unloaded after import = 1

========================================================================
Received Import Request.
  Time since last request: 0.000022 seconds.
  path: Assets/GDD - Quinnipiac/Pixel Art Character Package/Characters/Rattles/Rattles Red/Rattles Red.controller
  artifactKey: Guid(5e8717ca92b055f4facb72d023fe2a2c) Importer(2089858483,b0f066a214c2f5e87bad3c948f4d605d)
Start importing Assets/GDD - Quinnipiac/Pixel Art Character Package/Characters/Rattles/Rattles Red/Rattles Red.controller using Guid(5e8717ca92b055f4facb72d023fe2a2c) Importer(2089858483,b0f066a214c2f5e87bad3c948f4d605d) (ScriptedImporter) -> (artifact id: '243d70035209695395630ad502840219') in 0.023945 seconds
Number of updated asset objects reloaded before import = 0Number of asset objects unloaded after import = 20

========================================================================
Received Import Request.
  Time since last request: 0.000032 seconds.
  path: Assets/GDD - Quinnipiac/Pixel Art Character Package/Characters/Puppeteer/Puppeteer Blue/Idle.anim
  artifactKey: Guid(85e05cf9081f0854587fcb80733a744d) Importer(2089858483,b0f066a214c2f5e87bad3c948f4d605d)
Start importing Assets/GDD - Quinnipiac/Pixel Art Character Package/Characters/Puppeteer/Puppeteer Blue/Idle.anim using Guid(85e05cf9081f0854587fcb80733a744d) Importer(2089858483,b0f066a214c2f5e87bad3c948f4d605d) (ScriptedImporter) -> (artifact id: 'bd6202d87e30f174a696d8f8ebbfc902') in 0.0239412 seconds
Number of updated asset objects reloaded before import = 0Number of asset objects unloaded after import = 1

========================================================================
Received Import Request.
  Time since last request: 0.000021 seconds.
  path: Assets/GDD - Quinnipiac/Pixel Art Character Package/Characters/Koboiled/Koboiled Red/Koboiled_turn_full-Sheet.png
  artifactKey: Guid(911582fef16c58644ba6d100f3ce3925) Importer(2089858483,b0f066a214c2f5e87bad3c948f4d605d)
Start importing Assets/GDD - Quinnipiac/Pixel Art Character Package/Characters/Koboiled/Koboiled Red/Koboiled_turn_full-Sheet.png using Guid(911582fef16c58644ba6d100f3ce3925) Importer(2089858483,b0f066a214c2f5e87bad3c948f4d605d) (ScriptedImporter) -> (artifact id: '483da4fa3bf1fb5a179c1bb5344cd3a3') in 0.0568087 seconds
Number of updated asset objects reloaded before import = 0Number of asset objects unloaded after import = 7

========================================================================
Received Import Request.
  Time since last request: 0.000028 seconds.
  path: Assets/GDD - Quinnipiac/Pixel Art Character Package/Weapons/Puppeteer Weapon/Animation Controllers/Puppeteer Projectile.controller
  artifactKey: Guid(7e69b1900c2c9c642ab08a38550268f9) Importer(2089858483,b0f066a214c2f5e87bad3c948f4d605d)
Start importing Assets/GDD - Quinnipiac/Pixel Art Character Package/Weapons/Puppeteer Weapon/Animation Controllers/Puppeteer Projectile.controller using Guid(7e69b1900c2c9c642ab08a38550268f9) Importer(2089858483,b0f066a214c2f5e87bad3c948f4d605d) (ScriptedImporter) -> (artifact id: 'd2186999c0ced1c1f851457f776f3b01') in 0.0248696 seconds
Number of updated asset objects reloaded before import = 0Number of asset objects unloaded after import = 4

========================================================================
Received Import Request.
  Time since last request: 0.000032 seconds.
  path: Assets/GDD - Quinnipiac/Pixel Art Character Package/Weapons/Goop Weapons/Spritesheets/Goop Green Attack.png
  artifactKey: Guid(d1ea36f3a0ea74d4ab144d1ff32be05b) Importer(2089858483,b0f066a214c2f5e87bad3c948f4d605d)
Start importing Assets/GDD - Quinnipiac/Pixel Art Character Package/Weapons/Goop Weapons/Spritesheets/Goop Green Attack.png using Guid(d1ea36f3a0ea74d4ab144d1ff32be05b) Importer(2089858483,b0f066a214c2f5e87bad3c948f4d605d) (ScriptedImporter) -> (artifact id: '72e73c0609fec7b339ee9878addd0e90') in 0.0601376 seconds
Number of updated asset objects reloaded before import = 0Number of asset objects unloaded after import = 8

========================================================================
Received Import Request.
  Time since last request: 0.000021 seconds.
  path: Assets/GDD - Quinnipiac/Pixel Art Character Package/Characters/Deton/Deton Green/Deton Idle 2-Sheet.png
  artifactKey: Guid(bae99a6b142cedd4bab29974200910a9) Importer(2089858483,b0f066a214c2f5e87bad3c948f4d605d)
Start importing Assets/GDD - Quinnipiac/Pixel Art Character Package/Characters/Deton/Deton Green/Deton Idle 2-Sheet.png using Guid(bae99a6b142cedd4bab29974200910a9) Importer(2089858483,b0f066a214c2f5e87bad3c948f4d605d) (ScriptedImporter) -> (artifact id: 'a9db1d1e6ff46f5d01351e51350cbad0') in 0.0652101 seconds
Number of updated asset objects reloaded before import = 0Number of asset objects unloaded after import = 8

========================================================================
Received Import Request.
  Time since last request: 0.000024 seconds.
  path: Assets/GDD - Quinnipiac/Pixel Art Character Package/Weapons/Phantom Weapons/Spritesheets/Phantom Green Bullet.png
  artifactKey: Guid(50521780146c97f4f92baa3ca4500d60) Importer(2089858483,b0f066a214c2f5e87bad3c948f4d605d)
Start importing Assets/GDD - Quinnipiac/Pixel Art Character Package/Weapons/Phantom Weapons/Spritesheets/Phantom Green Bullet.png using Guid(50521780146c97f4f92baa3ca4500d60) Importer(2089858483,b0f066a214c2f5e87bad3c948f4d605d) (ScriptedImporter)