[Licensing::Module] Trying to connect to existing licensing client channel...
[Licensing::IpcConnector] Successfully connected to: "LicenseClient-annne" at "2026-08-17T15:46:01.4899487Z"
Built from '6000.3/staging' branch; Version is '6000.3.13f1 (8c4f11e4fb20) revision 9195281'; Using compiler version '194234433'; Build Type 'Release'
OS: 'Windows 10  (10.0.19045) 64bit Professional' Language: 'ru' Physical Memory: 32597 MB
BatchMode: 1, IsHumanControllingUs: 0, StartBugReporterOnCrash: 0, Is64bit: 1
System  architecture: x64
Process architecture: x64
Date: 2026-08-17T15:46:01Z

COMMAND LINE ARGUMENTS:
D:\ProgramFiles\6000.3.13f1\Editor\Unity.exe
-adb2
-batchMode
-noUpm
-name
AssetImportWorker3
-projectPath
E:/unitygames/TEST/Rep/VillageAdventure/PixelVillageAdventure
-logFile
Logs/AssetImportWorker3.log
-srvPort
23509
-licensingIpc
LicenseClient-annne
-job-worker-count
9
-background-job-worker-count
8
-gc-helper-count
1
-name
AssetImport
Successfully changed project path to: E:/unitygames/TEST/Rep/VillageAdventure/PixelVillageAdventure
E:/unitygames/TEST/Rep/VillageAdventure/PixelVillageAdventure
[UnityMemory] Configuration Parameters - Can be set up in boot.config
    "memorysetup-temp-allocator-size-nav-mesh-worker=65536"
    "memorysetup-temp-allocator-size-audio-worker=65536"
    "memorysetup-temp-allocator-size-gfx=262144"
    "memorysetup-allocator-temp-initial-block-size-main=262144"
    "memorysetup-allocator-temp-initial-block-size-worker=262144"
    "memorysetup-temp-allocator-size-background-worker=32768"
    "memorysetup-temp-allocator-size-job-worker=262144"
    "memorysetup-temp-allocator-size-preload-manager=33554432"
    "memorysetup-temp-allocator-size-gi-baking-worker=262144"
    "memorysetup-temp-allocator-size-gi-baking-worker=262144"
    "memorysetup-temp-allocator-size-gi-baking-worker=262144"
    "memorysetup-temp-allocator-size-gi-baking-worker=262144"
    "memorysetup-temp-allocator-size-gi-baking-worker=262144"
    "memorysetup-bucket-allocator-granularity=16"
    "memorysetup-bucket-allocator-bucket-count=8"
    "memorysetup-bucket-allocator-block-size=33554432"
    "memorysetup-bucket-allocator-block-count=8"
    "memorysetup-main-allocator-block-size=16777216"
    "memorysetup-thread-allocator-block-size=16777216"
    "memorysetup-gfx-main-allocator-block-size=16777216"
    "memorysetup-gfx-thread-allocator-block-size=16777216"
    "memorysetup-cache-allocator-block-size=4194304"
    "memorysetup-typetree-allocator-block-size=2097152"
    "memorysetup-profiler-bucket-allocator-granularity=16"
    "memorysetup-profiler-bucket-allocator-bucket-count=8"
    "memorysetup-profiler-bucket-allocator-block-size=33554432"
    "memorysetup-profiler-bucket-allocator-block-count=8"
    "memorysetup-profiler-allocator-block-size=16777216"
    "memorysetup-profiler-editor-allocator-block-size=1048576"
    "memorysetup-temp-allocator-size-main=16777216"
    "memorysetup-job-temp-allocator-block-size=2097152"
    "memorysetup-job-temp-allocator-block-size-background=1048576"
    "memorysetup-job-temp-allocator-reduction-small-platforms=262144"
    "memorysetup-temp-allocator-size-cloud-worker=32768"
Player connection [30664]  Target information:

Player connection [30664]  * "[IP] 192.168.56.1 [Port] 0 [Flags] 2 [Guid] 4159253654 [EditorId] 4159253654 [Version] 1048832 [Id] WindowsEditor(7,DESKTOP-BESUJVN) [Debug] 1 [PackageName] WindowsEditor [ProjectName] Editor" 

Player connection [30664]  * "[IP] 192.168.96.1 [Port] 0 [Flags] 2 [Guid] 4159253654 [EditorId] 4159253654 [Version] 1048832 [Id] WindowsEditor(7,DESKTOP-BESUJVN) [Debug] 1 [PackageName] WindowsEditor [ProjectName] Editor" 

Player connection [30664]  * "[IP] 192.168.113.1 [Port] 0 [Flags] 2 [Guid] 4159253654 [EditorId] 4159253654 [Version] 1048832 [Id] WindowsEditor(7,DESKTOP-BESUJVN) [Debug] 1 [PackageName] WindowsEditor [ProjectName] Editor" 

Player connection [30664]  * "[IP] 192.168.1.104 [Port] 0 [Flags] 2 [Guid] 4159253654 [EditorId] 4159253654 [Version] 1048832 [Id] WindowsEditor(7,DESKTOP-BESUJVN) [Debug] 1 [PackageName] WindowsEditor [ProjectName] Editor" 

Player connection [30664] Host joined multi-casting on [225.0.0.222:54997]...
Player connection [30664] Host joined alternative multi-casting on [225.0.0.222:34997]...
JobSystem: Creating JobQueue using job-worker-count value 9
Input System module state changed to: Initialized.
[Physics::Module] Initialized fallback backend.
[Physics::Module] Id: 0xdecafbad
Library Redirect Path: Library/
[Physics::Module] Selected backend.
[Physics::Module] Name: PhysX
[Physics::Module] Id: 0xf2b8ea05
[Physics::Module] SDK Version: 4.1.2
[Physics::Module] Integration Version: 1.0.0
[Physics::Module] Threading Mode: Multi-Threaded
Refreshing native plugins compatible for Editor in 6.62 ms, found 5 plugins.
Preloading 0 native plugins for Editor in 0.00 ms.
Initialize engine version: 6000.3.13f1 (8c4f11e4fb20)
[Subsystems] Discovering subsystems at path D:/ProgramFiles/6000.3.13f1/Editor/Data/Resources/UnitySubsystems
[Subsystems] Discovering subsystems at path E:/unitygames/TEST/Rep/VillageAdventure/PixelVillageAdventure/Assets
GfxDevice: creating device client; kGfxThreadingModeNonThreaded
Direct3D:
    Version:  Direct3D 11.0 [level 11.1]
    Renderer: NVIDIA GeForce RTX 4060 Ti (ID=0x2803)
    Vendor:   NVIDIA
    VRAM:     7949 MB
    Driver:   32.0.15.6614
Initialize mono
Mono path[0] = 'D:/ProgramFiles/6000.3.13f1/Editor/Data/Managed'
Mono path[1] = 'D:/ProgramFiles/6000.3.13f1/Editor/Data/MonoBleedingEdge/lib/mono/unityjit-win32'
Mono config path = 'D:/ProgramFiles/6000.3.13f1/Editor/Data/MonoBleedingEdge/etc'
Using monoOptions --debugger-agent=transport=dt_socket,embedding=1,server=y,suspend=n,address=127.0.0.1:56172
Begin MonoManager ReloadAssembly
Registering precompiled unity dll's ...
Register platform support module: D:/ProgramFiles/6000.3.13f1/Editor/Data/PlaybackEngines/WebGLSupport/UnityEditor.WebGL.Extensions.dll
Register platform support module: D:/ProgramFiles/6000.3.13f1/Editor/Data/PlaybackEngines/WindowsStandaloneSupport/UnityEditor.WindowsStandalone.Extensions.dll
[Licensing::Module] Licensing is not yet initialized.
[Licensing::Client] Error: HandshakeResponse reported an error:
	ResponseCode: 505
	ResponseStatus: Unsupported protocol version '1.18.1'.
[Licensing::Module] Error: Failed to handshake to channel: "LicenseClient-annne"
[Licensing::IpcConnector] LicenseClient-annne channel disconnected successfully.
[Licensing::IpcConnector] Successfully connected to: "LicenseClient-annne-6000.3.13" at "2026-08-17T15:46:04.3258902Z"
[Licensing::Client] Handshaking with LicensingClient:
  Version:                 1.18.1+9fbee8e
  Session Id:              797165369f3e4421bcdbed1d6e77aead
  Correlation Id:          678a148f5692a1aaf8b59e82ca066fb8
  External correlation Id: 2948563827390298298
  Machine Id:              IDPt3QV2HiQNdt/8ISWN6CMV7UQ=
[Licensing::Module] Successfully connected to LicensingClient on channel: "LicenseClient-annne-6000.3.13" (connect: 0.00s, validation: 0.00s, handshake: 1.62s)
[Licensing::IpcConnector] Successfully connected to: "LicenseClient-annne-6000.3.13-notifications" at "2026-08-17T15:46:05.9453614Z"
[Licensing::Module] Licensing Background thread has ended after 4.46s
[Licensing::Module] Licensing is initialized (took 2.58s).
[Licensing::Client] Successfully resolved entitlement details
[Licensing::Module] License group:
  Id: F4-FDX7-899P-3D7X-9PB8-XXXX
  Product: Unity Personal
  Type: ULF
  Expiration: Unlimited
[Licensing::Module] License group:
  Id: 7972062332293-UnityPersXXXX
  Product: Unity Personal
  Type: Assigned
  Expiration: Unlimited
Register platform support module: D:/ProgramFiles/6000.3.13f1/Editor/Data/PlaybackEngines/AndroidPlayer/UnityEditor.Android.Extensions.dll
Registered in 2.581536 seconds.
- Loaded All Assemblies, in  3.443 seconds
Native extension for Android target not found
Native extension for WindowsStandalone target not found
Native extension for WebGL target not found
Package Manager log level set to [2]
[Package Manager] Failed to launch server process. Reason: Unity was launched with the -noUpm command-line argument
[Package Manager] Unable to send message (not connected to server process).
[Package Manager] Cannot connect to Unity Package Manager local server
ScheduleIndexationOnStartup MainProcess:False IndexOnStartup:True
Mono: successfully reloaded assembly
- Finished resetting the current domain, in  0.753 seconds
Domain Reload Profiling: 4196ms
	BeginReloadAssembly (269ms)
		ExecutionOrderSort (0ms)
		DisableScriptedObjects (0ms)
		BackupInstance (0ms)
		ReleaseScriptingObjects (0ms)
		CreateAndSetChildDomain (1ms)
	RebuildCommonClasses (93ms)
	RebuildNativeTypeToScriptingClass (65ms)
	initialDomainReloadingComplete (2674ms)
	LoadAllAssembliesAndSetupDomain (340ms)
		LoadAssemblies (270ms)
		RebuildTransferFunctionScriptingTraits (0ms)
		AnalyzeDomain (334ms)
			TypeCache.Refresh (332ms)
				TypeCache.ScanAssembly (310ms)
			BuildScriptInfoCaches (0ms)
			ResolveRequiredComponents (1ms)
	FinalizeReload (755ms)
		ReleaseScriptCaches (0ms)
		RebuildScriptCaches (0ms)
		SetupLoadedEditorAssemblies (666ms)
			LogAssemblyErrors (0ms)
			InitializePlatformSupportModulesInManaged (108ms)
			SetLoadedEditorAssemblies (15ms)
			BeforeProcessingInitializeOnLoad (154ms)
			ProcessInitializeOnLoadAttributes (240ms)
			ProcessInitializeOnLoadMethodAttributes (149ms)
			AfterProcessingInitializeOnLoad (0ms)
			EditorAssembliesLoaded (0ms)
		ExecutionOrderSort2 (0ms)
		AwakeInstancesAfterBackupRestoration (0ms)
========================================================================
Worker process is ready to serve import requests
Import Worker Mode flag is 0x00
Begin MonoManager ReloadAssembly
[Licensing::Client] Successfully resolved entitlement details
[Licensing::Module] License group:
  Id: F4-FDX7-899P-3D7X-9PB8-XXXX
  Product: Unity Personal
  Type: ULF
  Expiration: Unlimited
[Licensing::Module] License group:
  Id: 7972062332293-UnityPersXXXX
  Product: Unity Personal
  Type: Assigned
  Expiration: Unlimited
- Loaded All Assemblies, in  1.627 seconds
Refreshing native plugins compatible for Editor in 4.30 ms, found 5 plugins.
Native extension for Android target not found
Native extension for WindowsStandalone target not found
Native extension for WebGL target not found
[Package Manager] Failed to launch server process. Reason: Unity was launched with the -noUpm command-line argument
[Package Manager] Unable to send message (not connected to server process).
[Package Manager] Cannot connect to Unity Package Manager local server
Refreshing native plugins compatible for Editor in 17.41 ms, found 5 plugins.
[Package Manager] Failed to launch server process. Reason: Unity was launched with the -noUpm command-line argument
[Package Manager] Unable to send message (not connected to server process).
[Package Manager] Cannot connect to Unity Package Manager local server
ScheduleIndexationOnStartup MainProcess:False IndexOnStartup:True
Mono: successfully reloaded assembly
- Finished resetting the current domain, in  1.881 seconds
Domain Reload Profiling: 3506ms
	BeginReloadAssembly (335ms)
		ExecutionOrderSort (0ms)
		DisableScriptedObjects (12ms)
		BackupInstance (0ms)
		ReleaseScriptingObjects (0ms)
		CreateAndSetChildDomain (43ms)
	RebuildCommonClasses (54ms)
	RebuildNativeTypeToScriptingClass (19ms)
	initialDomainReloadingComplete (55ms)
	LoadAllAssembliesAndSetupDomain (1162ms)
		LoadAssemblies (837ms)
		RebuildTransferFunctionScriptingTraits (0ms)
		AnalyzeDomain (538ms)
			TypeCache.Refresh (348ms)
				TypeCache.ScanAssembly (317ms)
			BuildScriptInfoCaches (161ms)
			ResolveRequiredComponents (23ms)
	FinalizeReload (1882ms)
		ReleaseScriptCaches (0ms)
		RebuildScriptCaches (0ms)
		SetupLoadedEditorAssemblies (1598ms)
			LogAssemblyErrors (0ms)
			InitializePlatformSupportModulesInManaged (13ms)
			SetLoadedEditorAssemblies (37ms)
			BeforeProcessingInitializeOnLoad (422ms)
			ProcessInitializeOnLoadAttributes (856ms)
			ProcessInitializeOnLoadMethodAttributes (267ms)
			AfterProcessingInitializeOnLoad (3ms)
			EditorAssembliesLoaded (0ms)
		ExecutionOrderSort2 (0ms)
		AwakeInstancesAfterBackupRestoration (13ms)
Launched and connected shader compiler UnityShaderCompiler.exe after 0.02 seconds
Refreshing native plugins compatible for Editor in 3.77 ms, found 5 plugins.
Preloading 0 native plugins for Editor in 0.00 ms.
Unloading 16 Unused Serialized files (Serialized files now loaded: 0)
Unloading 7264 unused Assets / (2.0 MB). Loaded Objects now: 8074.
Memory consumption went from 157.3 MB to 155.4 MB.
Total: 14.904100 ms (FindLiveObjects: 0.988700 ms CreateObjectMapping: 0.659300 ms MarkObjects: 10.558600 ms  DeleteObjects: 2.695600 ms)

========================================================================
Received Import Request.
  Time since last request: 35014.382303 seconds.
  path: Assets/GDD - Quinnipiac/Pixel Art Character Package/Weapons/Valktrie Weapons/Animation Controllers/Valkyrie Grey Weapon.controller
  artifactKey: Guid(d18971469f717bd4f8d17ce51eea77b9) Importer(2089858483,b0f066a214c2f5e87bad3c948f4d605d)
Start importing Assets/GDD - Quinnipiac/Pixel Art Character Package/Weapons/Valktrie Weapons/Animation Controllers/Valkyrie Grey Weapon.controller using Guid(d18971469f717bd4f8d17ce51eea77b9) Importer(2089858483,b0f066a214c2f5e87bad3c948f4d605d) (ScriptedImporter) -> (artifact id: '3573ce075d44434f817dd1d51b5a44ef') in 0.1682247 seconds
Number of updated asset objects reloaded before import = 0Number of asset objects unloaded after import = 4

========================================================================
Received Import Request.
  Time since last request: 0.000025 seconds.
  path: Assets/GDD - Quinnipiac/Pixel Art Character Package/Characters/Goop/Goop Blue
  artifactKey: Guid(89e4fd41fd57ac14993b7ca861ae1fa3) Importer(2089858483,b0f066a214c2f5e87bad3c948f4d605d)
Start importing Assets/GDD - Quinnipiac/Pixel Art Character Package/Characters/Goop/Goop Blue using Guid(89e4fd41fd57ac14993b7ca861ae1fa3) Importer(2089858483,b0f066a214c2f5e87bad3c948f4d605d) (ScriptedImporter) -> (artifact id: '2817907e9e82ba764d43835f70688633') in 0.0127965 seconds
Number of updated asset objects reloaded before import = 0Number of asset objects unloaded after import = 1

========================================================================
Received Import Request.
  Time since last request: 0.000031 seconds.
  path: Assets/GDD - Quinnipiac/Pixel Art Character Package/Characters/Rattles/Rattles Turquoise/Air.anim
  artifactKey: Guid(ad65ecfce295f5d4494e58883f39abfa) Importer(2089858483,b0f066a214c2f5e87bad3c948f4d605d)
Start importing Assets/GDD - Quinnipiac/Pixel Art Character Package/Characters/Rattles/Rattles Turquoise/Air.anim using Guid(ad65ecfce295f5d4494e58883f39abfa) Importer(2089858483,b0f066a214c2f5e87bad3c948f4d605d) (ScriptedImporter) -> (artifact id: 'af6aba48688941ceea769e841f6c6b04') in 0.0680262 seconds
Number of updated asset objects reloaded before import = 0Number of asset objects unloaded after import = 1

========================================================================
Received Import Request.
  Time since last request: 0.000022 seconds.
  path: Assets/GDD - Quinnipiac/Pixel Art Character Package/Characters/Speckle/Speckle Turquoise/Crouch.anim
  artifactKey: Guid(ae9d554cf8be11e4d94b404f0fd976ec) Importer(2089858483,b0f066a214c2f5e87bad3c948f4d605d)
Start importing Assets/GDD - Quinnipiac/Pixel Art Character Package/Characters/Speckle/Speckle Turquoise/Crouch.anim using Guid(ae9d554cf8be11e4d94b404f0fd976ec) Importer(2089858483,b0f066a214c2f5e87bad3c948f4d605d) (ScriptedImporter) -> (artifact id: '462eb1ca9318380407e2d1f3a275801a') in 0.0374812 seconds
Number of updated asset objects reloaded before import = 0Number of asset objects unloaded after import = 1

========================================================================
Received Import Request.
  Time since last request: 0.000022 seconds.
  path: Assets/GDD - Quinnipiac/Pixel Art Character Package/Characters/Puppeteer/Puppeteer Purple/Run.anim
  artifactKey: Guid(22d3fcedc2c315e45a6e07463a2a3ceb) Importer(2089858483,b0f066a214c2f5e87bad3c948f4d605d)
Start importing Assets/GDD - Quinnipiac/Pixel Art Character Package/Characters/Puppeteer/Puppeteer Purple/Run.anim using Guid(22d3fcedc2c315e45a6e07463a2a3ceb) Importer(2089858483,b0f066a214c2f5e87bad3c948f4d605d) (ScriptedImporter) -> (artifact id: '96acd3837fab99774e929a6cb18f7502') in 0.0376083 seconds
Number of updated asset objects reloaded before import = 0Number of asset objects unloaded after import = 1

========================================================================
Received Import Request.
  Time since last request: 0.000029 seconds.
  path: Assets/GDD - Quinnipiac/Pixel Art Character Package/Characters/Koboiled/Koboiled Red/Koboiled_death_full-Sheet.png
  artifactKey: Guid(4512725feb567aa4a8fac093175d928d) Importer(2089858483,b0f066a214c2f5e87bad3c948f4d605d)
Start importing Assets/GDD - Quinnipiac/Pixel Art Character Package/Characters/Koboiled/Koboiled Red/Koboiled_death_full-Sheet.png using Guid(4512725feb567aa4a8fac093175d928d) Importer(2089858483,b0f066a214c2f5e87bad3c948f4d605d) (ScriptedImporter) -> (artifact id: 'ebeee98b8303dcb2d47dd85b57438550') in 0.2375077 seconds
Number of updated asset objects reloaded before import = 0Number of asset objects unloaded after import = 13

========================================================================
Received Import Request.
  Time since last request: 0.000026 seconds.
  path: Assets/GDD - Quinnipiac/Pixel Art Character Package/Characters/Speckle/Speckle Grey/Death.anim
  artifactKey: Guid(6fb02774a1ebc5f419730022c15e0ae2) Importer(2089858483,b0f066a214c2f5e87bad3c948f4d605d)
Start importing Assets/GDD - Quinnipiac/Pixel Art Character Package/Characters/Speckle/Speckle Grey/Death.anim using Guid(6fb02774a1ebc5f419730022c15e0ae2) Importer(2089858483,b0f066a214c2f5e87bad3c948f4d605d) (ScriptedImporter) -> (artifact id: '7b77b3bc2440c5114c6e5ebaae9233aa') in 0.0585508 seconds
Number of updated asset objects reloaded before import = 0Number of asset objects unloaded after import = 1

========================================================================
Received Import Request.
  Time since last request: 0.000034 seconds.
  path: Assets/GDD - Quinnipiac/Pixel Art Character Package/Characters/Koboiled
  artifactKey: Guid(175a1499002e6124b84e91b20cc4f245) Importer(2089858483,b0f066a214c2f5e87bad3c948f4d605d)
Start importing Assets/GDD - Quinnipiac/Pixel Art Character Package/Characters/Koboiled using Guid(175a1499002e6124b84e91b20cc4f245) Importer(2089858483,b0f066a214c2f5e87bad3c948f4d605d) (ScriptedImporter) -> (artifact id: 'c5ac56fbf20b6712cf7cd909a4880c1d') in 0.0126335 seconds
Number of updated asset objects reloaded before import = 0Number of asset objects unloaded after import = 1

========================================================================
Received Import Request.
  Time since last request: 0.000017 seconds.
  path: Assets/GDD - Quinnipiac/Pixel Art Character Package/Characters/Deton/Deton Grey/Deton Grey.controller
  artifactKey: Guid(43d02c9d165193b4e9eb2443bcb51c04) Importer(2089858483,b0f066a214c2f5e87bad3c948f4d605d)
Start importing Assets/GDD - Quinnipiac/Pixel Art Character Package/Characters/Deton/Deton Grey/Deton Grey.controller using Guid(43d02c9d165193b4e9eb2443bcb51c04) Importer(2089858483,b0f066a214c2f5e87bad3c948f4d605d) (ScriptedImporter) -> (artifact id: '3577422fddf936df699490f2daddc037') in 0.0428201 seconds
Number of updated asset objects reloaded before import = 0Number of asset objects unloaded after import = 18

========================================================================
Received Import Request.
  Time since last request: 0.000019 seconds.
  path: Assets/GDD - Quinnipiac/Pixel Art Character Package/Characters/Addergul/Addergul White/Addergul_death-Sheet.png
  artifactKey: Guid(7deb0b839e7556149a4df16d136cc34b) Importer(2089858483,b0f066a214c2f5e87bad3c948f4d605d)
Start importing Assets/GDD - Quinnipiac/Pixel Art Character Package/Characters/Addergul/Addergul White/Addergul_death-Sheet.png using Guid(7deb0b839e7556149a4df16d136cc34b) Importer(2089858483,b0f066a214c2f5e87bad3c948f4d605d) (ScriptedImporter) -> (artifact id: '602d9ff3ad0b30e912ec25401d88f260') in 0.1144347 seconds
Number of updated asset objects reloaded before import = 0Number of asset objects unloaded after import = 8

========================================================================
Received Import Request.
  Time since last request: 0.000030 seconds.
  path: Assets/GDD - Quinnipiac/Pixel Art Character Package/Characters/Phantom/Phantom Red/Phantom turn 3-Sheet.png
  artifactKey: Guid(43f1211c74eb34247b537d447afcc2b5) Importer(2089858483,b0f066a214c2f5e87bad3c948f4d605d)
Start importing Assets/GDD - Quinnipiac/Pixel Art Character Package/Characters/Phantom/Phantom Red/Phantom turn 3-Sheet.png using Guid(43f1211c74eb34247b537d447afcc2b5) Importer(2089858483,b0f066a214c2f5e87bad3c948f4d605d) (ScriptedImporter) -> (artifact id: '692f0986bc8783a52c6e2a362575f3e5') in 0.1134604 seconds
Number of updated asset objects reloaded before import = 0Number of asset objects unloaded after import = 7

========================================================================
Received Import Request.
  Time since last request: 0.000034 seconds.
  path: Assets/GDD - Quinnipiac/Pixel Art Character Package/Characters/Phantom/Phantom Red
  artifactKey: Guid(0b72e12202f1a184c84e26b1ee5b384e) Importer(2089858483,b0f066a214c2f5e87bad3c948f4d605d)
Start importing Assets/GDD - Quinnipiac/Pixel Art Character Package/Characters/Phantom/Phantom Red using Guid(0b72e12202f1a184c84e26b1ee5b384e) Importer(2089858483,b0f066a214c2f5e87bad3c948f4d605d) (ScriptedImporter) -> (artifact id: '39d95024d7931e93c4136235b30a6354') in 0.0776498 seconds
Number of updated asset objects reloaded before import = 0Number of asset objects unloaded after import = 1

========================================================================
Received Import Request.
  Time since last request: 0.000022 seconds.
  path: Assets/GDD - Quinnipiac/Pixel Art Character Package/Characters/Puppeteer/Puppeteer Black/Air.anim
  artifactKey: Guid(141cf48cefbf79b47b2b558df3634ab0) Importer(2089858483,b0f066a214c2f5e87bad3c948f4d605d)
Start importing Assets/GDD - Quinnipiac/Pixel Art Character Package/Characters/Puppeteer/Puppeteer Black/Air.anim using Guid(141cf48cefbf79b47b2b558df3634ab0) Importer(2089858483,b0f066a214c2f5e87bad3c948f4d605d) (ScriptedImporter) -> (artifact id: '153063e89cd2466a54174c536c74392a') in 0.0628773 seconds
Number of updated asset objects reloaded before import = 0Number of asset objects unloaded after import = 1

========================================================================
Received Import Request.
  Time since last request: 0.000025 seconds.
  path: Assets/GDD - Quinnipiac/Pixel Art Character Package/Characters/Deton/Deton Green/Air.anim
  artifactKey: Guid(4857cf0429b50a2499404cf58fbee506) Importer(2089858483,b0f066a214c2f5e87bad3c948f4d605d)
Start importing Assets/GDD - Quinnipiac/Pixel Art Character Package/Characters/Deton/Deton Green/Air.anim using Guid(4857cf0429b50a2499404cf58fbee506) Importer(2089858483,b0f066a214c2f5e87bad3c948f4d605d) (ScriptedImporter) -> (artifact id: '15cd517b7d920ecfd17c6ae7bda54cd9') in 0.0333529 seconds
Number of updated asset objects reloaded before import = 0Number of asset objects unloaded after import = 1

========================================================================
Received Import Request.
  Time since last request: 0.000029 seconds.
  path: Assets/GDD - Quinnipiac/Pixel Art Character Package/Characters/Frank/Frank Blue/Frank_air-Sheet.png
  artifactKey: Guid(2892eb2b65cef754191a2f751abc8e04) Importer(2089858483,b0f066a214c2f5e87bad3c948f4d605d)
Start importing Assets/GDD - Quinnipiac/Pixel Art Character Package/Characters/Frank/Frank Blue/Frank_air-Sheet.png using Guid(2892eb2b65cef754191a2f751abc8e04) Importer(2089858483,b0f066a214c2f5e87bad3c948f4d605d) (ScriptedImporter) -> (artifact id: '6c3635ad280eb0dd3e75d73274cc55e4') in 0.0721329 seconds
Number of updated asset objects reloaded before import = 0Number of asset objects unloaded after import = 7

========================================================================
Received Import Request.
  Time since last request: 0.000022 seconds.
  path: Assets/GDD - Quinnipiac/Pixel Art Character Package/Characters/Speckle
  artifactKey: Guid(aed27e5fef242b2458652965ce44c7c8) Importer(2089858483,b0f066a214c2f5e87bad3c948f4d605d)
Start importing Assets/GDD - Quinnipiac/Pixel Art Character Package/Characters/Speckle using Guid(aed27e5fef242b2458652965ce44c7c8) Importer(2089858483,b0f066a214c2f5e87bad3c948f4d605d) (ScriptedImporter) -> (artifact id: '764f865cb0c52fc6701566c32c3eca0c') in 0.0939477 seconds
Number of updated asset objects reloaded before import = 0Number of asset objects unloaded after import = 1

========================================================================
Received Import Request.
  Time since last request: 0.000023 seconds.
  path: Assets/GDD - Quinnipiac/Pixel Art Character Package/Characters/Puppeteer/Puppeteer Purple/the puppet idle 3-Sheet.png
  artifactKey: Guid(bb51ed9e2fc6f2b44983e313054b419e) Importer(2089858483,b0f066a214c2f5e87bad3c948f4d605d)
Start importing Assets/GDD - Quinnipiac/Pixel Art Character Package/Characters/Puppeteer/Puppeteer Purple/the puppet idle 3-Sheet.png using Guid(bb51ed9e2fc6f2b44983e313054b419e) Importer(2089858483,b0f066a214c2f5e87bad3c948f4d605d) (ScriptedImporter) -> (artifact id: '128099393ba0c0f3bc24d76d512200ad') in 0.0813536 seconds
Number of updated asset objects reloaded before import = 0Number of asset objects unloaded after import = 6

========================================================================
Received Import Request.
  Time since last request: 0.000034 seconds.
  path: Assets/GDD - Quinnipiac/Pixel Art Character Package/Characters/Phantom/Phantom Green/Phantom hit 4-Sheet.png
  artifactKey: Guid(0df37d995253f644c9dbf7f4cfb49bb1) Importer(2089858483,b0f066a214c2f5e87bad3c948f4d605d)
Start importing Assets/GDD - Quinnipiac/Pixel Art Character Package/Characters/Phantom/Phantom Green/Phantom hit 4-Sheet.png using Guid(0df37d995253f644c9dbf7f4cfb49bb1) Importer(2089858483,b0f066a214c2f5e87bad3c948f4d605d) (ScriptedImporter) -> (artifact id: 'b4428793f58d9d170b1cb53e1c048d55') in 0.0693288 seconds
Number of updated asset objects reloaded before import = 0Number of asset objects unloaded after import = 6

========================================================================
Received Import Request.
  Time since last request: 0.000019 seconds.
  path: Assets/GDD - Quinnipiac/Pixel Art Character Package/Characters/Addergul/Addergul Dark Blue/Addergul hit 2-Sheet.png
  artifactKey: Guid(53914905ff83eb74484d97b589b9758b) Importer(2089858483,b0f066a214c2f5e87bad3c948f4d605d)
Start importing Assets/GDD - Quinnipiac/Pixel Art Character Package/Characters/Addergul/Addergul Dark Blue/Addergul hit 2-Sheet.png using Guid(53914905ff83eb74484d97b589b9758b) Importer(2089858483,b0f066a214c2f5e87bad3c948f4d605d) (ScriptedImporter) -> (artifact id: '7a1b9fa06b8e9c70d06530b7a80493f1') in 0.1239528 seconds
Number of updated asset objects reloaded before import = 0Number of asset objects unloaded after import = 6

========================================================================
Received Import Request.
  Time since last request: 0.000023 seconds.
  path: Assets/GDD - Quinnipiac/Pixel Art Character Package/Characters/Speckle/Speckle Green
  artifactKey: Guid(248f6599d6edff24cbe947397e9e6446) Importer(2089858483,b0f066a214c2f5e87bad3c948f4d605d)
Start importing Assets/GDD - Quinnipiac/Pixel Art Character Package/Characters/Speckle/Speckle Green using Guid(248f6599d6edff24cbe947397e9e6446) Importer(2089858483,b0f066a214c2f5e87bad3c948f4d605d) (ScriptedImporter) -> (artifact id: 'ad475231d593705edf3aeabbd9075718') in 0.0121992 seconds
Number of updated asset objects reloaded before import = 0Number of asset objects unloaded after import = 1

========================================================================
Received Import Request.
  Time since last request: 0.005324 seconds.
  path: Assets/GDD - Quinnipiac/Pixel Art Character Package/Characters/Puppeteer/Puppeteer Purple/Idle.anim
  artifactKey: Guid(9f7037d8fb1c9c54f951a4ef8e949b90) Importer(2089858483,b0f066a214c2f5e87bad3c948f4d605d)
Start importing Assets/GDD - Quinnipiac/Pixel Art Character Package/Characters/Puppeteer/Puppeteer Purple/Idle.anim using Guid(9f7037d8fb1c9c54f951a4ef8e949b90) Importer(2089858483,b0f066a214c2f5e87bad3c948f4d605d) (ScriptedImporter) -> (artifact id: 'f197afcebc6c6b7c75584bb6313feedb') in 0.0452458 seconds
Number of updated asset objects reloaded before import = 0Number of asset objects unloaded after import = 1

========================================================================
Received Import Request.
  Time since last request: 0.000019 seconds.
  path: Assets/GDD - Quinnipiac/Pixel Art Character Package/Characters/Frank/Frank Orange/Frank air 2-Sheet.png
  artifactKey: Guid(507664c7ca8a0e744b9735c2a2ae1732) Importer(2089858483,b0f066a214c2f5e87bad3c948f4d605d)
Start importing Assets/GDD - Quinnipiac/Pixel Art Character Package/Characters/Frank/Frank Orange/Frank air 2-Sheet.png using Guid(507664c7ca8a0e744b9735c2a2ae1732) Importer(2089858483,b0f066a214c2f5e87bad3c948f4d605d) (ScriptedImporter) -> (artifact id: '8c978e9c17a9454d4a1501f4ced1033d') in 0.066407 seconds
Number of updated asset objects reloaded before import = 0Number of asset objects unloaded after import = 7

========================================================================
Received Import Request.
  Time since last request: 0.000023 seconds.
  path: Assets/GDD - Quinnipiac/Pixel Art Character Package/Characters/Koboiled/Koboiled Green/Koboiled run full 4-Sheet.png
  artifactKey: Guid(772a34af9697feb42a3440e55c41384e) Importer(2089858483,b0f066a214c2f5e87bad3c948f4d605d)
Start importing Assets/GDD - Quinnipiac/Pixel Art Character Package/Characters/Koboiled/Koboiled Green/Koboiled run full 4-Sheet.png using Guid(772a34af9697feb42a3440e55c41384e) Importer(2089858483,b0f066a214c2f5e87bad3c948f4d605d) (ScriptedImporter) -> (artifact id: '1280aec8d1fd6bc50bbda7cc9e61f169') in 0.0902003 seconds
Number of updated asset objects reloaded before import = 0Number of asset objects unloaded after import = 6

========================================================================
Received Import Request.
  Time since last request: 0.000045 seconds.
  path: Assets/GDD - Quinnipiac/Pixel Art Character Package/Characters/Frank/Frank Orange/Frank crouch 2-Sheet.png
  artifactKey: Guid(c6f6d0c5f9c619c43916d52da0e75dfb) Importer(2089858483,b0f066a214c2f5e87bad3c948f4d605d)
Start importing Assets/GDD - Quinnipiac/Pixel Art Character Package/Characters/Frank/Frank Orange/Frank crouch 2-Sheet.png using Guid(c6f6d0c5f9c619c43916d52da0e75dfb) Importer(2089858483,b0f066a214c2f5e87bad3c948f4d605d) (ScriptedImporter) -> (artifact id: '68bcdc9e0f59104976dc705a7af46410') in 0.0716998 seconds
Number of updated asset objects reloaded before import = 0Number of asset objects unloaded after import = 10

========================================================================
Received Import Request.
  Time since last request: 0.000019 seconds.
  path: Assets/GDD - Quinnipiac/Pixel Art Character Package/Characters/Frank/Frank White/Air.anim
  artifactKey: Guid(32766da6b71d1e44693608fba22e64b4) Importer(2089858483,b0f066a214c2f5e87bad3c948f4d605d)
Start importing Assets/GDD - Quinnipiac/Pixel Art Character Package/Characters/Frank/Frank White/Air.anim using Guid(32766da6b71d1e44693608fba22e64b4) Importer(2089858483,b0f066a214c2f5e87bad3c948f4d605d) (ScriptedImporter) -> (artifact id: '33b6c704f6ab176e9414f7a681a8740f') in 0.0276041 seconds
Number of updated asset objects reloaded before import = 0Number of asset objects unloaded after import = 1

========================================================================
Received Import Request.
  Time since last request: 0.000026 seconds.
  path: Assets/GDD - Quinnipiac/Pixel Art Character Package/Weapons/Phantom Weapons/Animation Controllers/Phantom Green Projectile.controller
  artifactKey: Guid(fe268f28cf04f59408da8c6c206412e1) Importer(2089858483,b0f066a214c2f5e87bad3c948f4d605d)
Start importing Assets/GDD - Quinnipiac/Pixel Art Character Package/Weapons/Phantom Weapons/Animation Controllers/Phantom Green Projectile.controller using Guid(fe268f28cf04f59408da8c6c206412e1) Importer(2089858483,b0f066a214c2f5e87bad3c948f4d605d) (ScriptedImporter) -> (artifact id: 'b9500ee551c167f607d97430b5173b17') in 0.0496202 seconds
Number of updated asset objects reloaded before import = 0Number of asset objects unloaded after import = 4

========================================================================
Received Import Request.
  Time since last request: 0.000032 seconds.
  path: Assets/GDD - Quinnipiac/Pixel Art Character Package/Characters/Deton/Deton Red/Air.anim
  artifactKey: Guid(cfb830d6f7c8c7d448c385a2a2f858de) Importer(2089858483,b0f066a214c2f5e87bad3c948f4d605d)
Start importing Assets/GDD - Quinnipiac/Pixel Art Character Package/Characters/Deton/Deton Red/Air.anim using Guid(cfb830d6f7c8c7d448c385a2a2f858de) Importer(2089858483,b0f066a214c2f5e87bad3c948f4d605d) (ScriptedImporter) -> (artifact id: '65fef8879dcbb54e196dde9bdd7d19de') in 0.0248697 seconds
Number of updated asset objects reloaded before import = 0Number of asset objects unloaded after import = 1

========================================================================
Received Import Request.
  Time since last request: 0.000021 seconds.
  path: Assets/GDD - Quinnipiac/Pixel Art Character Package/Characters/Valkyrie/Valkyrie Red/Valkyrie_Air-Sheet.png
  artifactKey: Guid(4890a6b8432f99b4eb6ee50654a76b10) Importer(2089858483,b0f066a214c2f5e87bad3c948f4d605d)
Start importing Assets/GDD - Quinnipiac/Pixel Art Character Package/Characters/Valkyrie/Valkyrie Red/Valkyrie_Air-Sheet.png using Guid(4890a6b8432f99b4eb6ee50654a76b10) Importer(2089858483,b0f066a214c2f5e87bad3c948f4d605d) (ScriptedImporter) -> (artifact id: 'd4f52d1b204af9eff9df13373798218f') in 0.0790022 seconds
Number of updated asset objects reloaded before import = 0Number of asset objects unloaded after import = 6

========================================================================
Received Import Request.
  Time since last request: 0.000023 seconds.
  path: Assets/GDD - Quinnipiac/Pixel Art Character Package/Weapons/Goop Weapons
  artifactKey: Guid(fcc45f0b3986e5d478059cb2c86c95d8) Importer(2089858483,b0f066a214c2f5e87bad3c948f4d605d)
Start importing Assets/GDD - Quinnipiac/Pixel Art Character Package/Weapons/Goop Weapons using Guid(fcc45f0b3986e5d478059cb2c86c95d8) Importer(2089858483,b0f066a214c2f5e87bad3c948f4d605d) (ScriptedImporter) -> (artifact id: '1945486d3814e004c436cdcb2f530da1') in 0.0105289 seconds
Number of updated asset objects reloaded before import = 0Number of asset objects unloaded after import = 1

========================================================================
Received Import Request.
  Time since last request: 0.000030 seconds.
  path: Assets/GDD - Quinnipiac/Pixel Art Character Package/Characters/Deton/Deton Grey
  artifactKey: Guid(b333f3f6233f1774a94022f7e8514cde) Importer(2089858483,b0f066a214c2f5e87bad3c948f4d605d)
Start importing Assets/GDD - Quinnipiac/Pixel Art Character Package/Characters/Deton/Deton Grey using Guid(b333f3f6233f1774a94022f7e8514cde) Importer(2089858483,b0f066a214c2f5e87bad3c948f4d605d) (ScriptedImporter) -> (artifact id: 'a098b335ed8457514bfd0ef786bc3958') in 0.0779707 seconds
Number of updated asset objects reloaded before import = 0Number of asset objects unloaded after import = 1

========================================================================
Received Import Request.
  Time since last request: 0.000019 seconds.
  path: Assets/GDD - Quinnipiac/Pixel Art Character Package/Characters/Frank/Frank Dark Blue/Frank run 3-Sheet.png
  artifactKey: Guid(56a326e3eec774b44bb759c6a0cb9a27) Importer(2089858483,b0f066a214c2f5e87bad3c948f4d605d)
Start importing Assets/GDD - Quinnipiac/Pixel Art Character Package/Characters/Frank/Frank Dark Blue/Frank run 3-Sheet.png using Guid(56a326e3eec774b44bb759c6a0cb9a27) Importer(2089858483,b0f066a214c2f5e87bad3c948f4d605d) (ScriptedImporter) -> (artifact id: 'ecd7cdb3b38916ea3c4c46cd58e0b644') in 0.1002461 seconds
Number of updated asset objects reloaded before import = 0Number of asset objects unloaded after import = 6

========================================================================
Received Import Request.
  Time since last request: 0.000024 seconds.
  path: Assets/GDD - Quinnipiac/Pixel Art Character Package/Characters/Rattles/Rattles Red/Hit.anim
  artifactKey: Guid(03d563a87467a9e4bb87677dfaed01fd) Importer(2089858483,b0f066a214c2f5e87bad3c948f4d605d)
Start importing Assets/GDD - Quinnipiac/Pixel Art Character Package/Characters/Rattles/Rattles Red/Hit.anim using Guid(03d563a87467a9e4bb87677dfaed01fd) Importer(2089858483,b0f066a214c2f5e87bad3c948f4d605d) (ScriptedImporter) -> (artifact id: '49f3fc84a91f3532c1bd43ebc14f606d') in 0.0360671 seconds
Number of updated asset objects reloaded before import = 0Number of asset objects unloaded after import = 1

========================================================================
Received Import Request.
  Time since last request: 0.000032 seconds.
  path: Assets/GDD - Quinnipiac/Pixel Art Character Package/Weapons/Goop Weapons/Spritesheets/Goop Red Projectile.png
  artifactKey: Guid(1514744cb3f84fc49a5d72b84bd3ad60) Importer(2089858483,b0f066a214c2f5e87bad3c948f4d605d)
Start importing Assets/GDD - Quinnipiac/Pixel Art Character Package/Weapons/Goop Weapons/Spritesheets/Goop Red Projectile.png using Guid(1514744cb3f84fc49a5d72b84bd3ad60) Importer(2089858483,b0f066a214c2f5e87bad3c948f4d605d) (ScriptedImporter) -> (artifact id: '8b583f73ae426a767f9643b39ccd3896') in 0.1278502 seconds
Number of updated asset objects reloaded before import = 0Number of asset objects unloaded after import = 10

========================================================================
Received Import Request.
  Time since last request: 0.000024 seconds.
  path: Assets/GDD - Quinnipiac/Pixel Art Character Package/Characters/Valkyrie/Valkyrie Blue/Valkyrie Air 3-Sheet.png
  artifactKey: Guid(0e1073a9faca3b6429a1734569381104) Importer(2089858483,b0f066a214c2f5e87bad3c948f4d605d)
Start importing Assets/GDD - Quinnipiac/Pixel Art Character Package/Characters/Valkyrie/Valkyrie Blue/Valkyrie Air 3-Sheet.png using Guid(0e1073a9faca3b6429a1734569381104) Importer(2089858483,b0f066a214c2f5e87bad3c948f4d605d) (ScriptedImporter) -> (artifact id: '583300c73574256cf81db125fe15a5c0') in 0.0916595 seconds
Number of updated asset objects reloaded before import = 0Number of asset objects unloaded after import = 6

========================================================================
Received Import Request.
  Time since last request: 0.000024 seconds.
  path: Assets/GDD - Quinnipiac/Pixel Art Character Package/Characters/Valkyrie
  artifactKey: Guid(742be175fe00252438d5c64689102e89) Importer(2089858483,b0f066a214c2f5e87bad3c948f4d605d)
Start importing Assets/GDD - Quinnipiac/Pixel Art Character Package/Characters/Valkyrie using Guid(742be175fe00252438d5c64689102e89) Importer(2089858483,b0f066a214c2f5e87bad3c948f4d605d) (ScriptedImporter) -> (artifact id: 'd1ed26dba0b6056751f725f1a5111ef2') in 0.0099522 seconds
Number of updated asset objects reloaded before import = 0Number of asset objects unloaded after import = 1

========================================================================
Received Import Request.
  Time since last request: 0.000031 seconds.
  path: Assets/GDD - Quinnipiac/Pixel Art Character Package/Characters/Deton/Deton Green/Deton Green.controller
  artifactKey: Guid(1cb4a087437176c40ac67fdb0bf2676d) Importer(2089858483,b0f066a214c2f5e87bad3c948f4d605d)
Start importing Assets/GDD - Quinnipiac/Pixel Art Character Package/Characters/Deton/Deton Green/Deton Green.controller using Guid(1cb4a087437176c40ac67fdb0bf2676d) Importer(2089858483,b0f066a214c2f5e87bad3c948f4d605d) (ScriptedImporter) -> (artifact id: '5036cac2f82304d307cdbe2989c32e7a') in 0.04933 seconds
Number of updated asset objects reloaded before import = 0Number of asset objects unloaded after import = 18

========================================================================
Received Import Request.
  Time since last request: 0.000021 seconds.
  path: Assets/GDD - Quinnipiac/Pixel Art Character Package/Characters/Speckle/Speckle Grey/Run.anim
  artifactKey: Guid(692a2ca06e1a11a40bc28c8f7b46038d) Importer(2089858483,b0f066a214c2f5e87bad3c948f4d605d)
Start importing Assets/GDD - Quinnipiac/Pixel Art Character Package/Characters/Speckle/Speckle Grey/Run.anim using Guid(692a2ca06e1a11a40bc28c8f7b46038d) Importer(2089858483,b0f066a214c2f5e87bad3c948f4d605d) (ScriptedImporter) -> (artifact id: '5169cd66fc2f896e55a699083e9df6cf') in 0.053731 seconds
Number of updated asset objects reloaded before import = 0Number of asset objects unloaded after import = 1

========================================================================
Received Import Request.
  Time since last request: 0.000023 seconds.
  path: Assets/GDD - Quinnipiac/Pixel Art Character Package/Weapons/Phantom Weapons/Spritesheets/Phantom Pink Weapon.png
  artifactKey: Guid(d3beac6036b34b44b99c55ea054620cd) Importer(2089858483,b0f066a214c2f5e87bad3c948f4d605d)
Start importing Assets/GDD - Quinnipiac/Pixel Art Character Package/Weapons/Phantom Weapons/Spritesheets/Phantom Pink Weapon.png using Guid(d3beac6036b34b44b99c55ea054620cd) Importer(2089858483,b0f066a214c2f5e87bad3c948f4d605d) (ScriptedImporter) -> (artifact id: '19bd2653bed1d2a1c0a3e68da99bf84d') in 0.0832187 seconds
Number of updated asset objects reloaded before import = 0Number of asset objects unloaded after import = 3

========================================================================
Received Import Request.
  Time since last request: 0.000036 seconds.
  path: Assets/GDD - Quinnipiac/Pixel Art Character Package/Characters/Addergul/Addergul Pink/Walk.anim
  artifactKey: Guid(8fa9c9a9da73d2d428f814e196d91c42) Importer(2089858483,b0f066a214c2f5e87bad3c948f4d605d)
Start importing Assets/GDD - Quinnipiac/Pixel Art Character Package/Characters/Addergul/Addergul Pink/Walk.anim using Guid(8fa9c9a9da73d2d428f814e196d91c42) Importer(2089858483,b0f066a214c2f5e87bad3c948f4d605d) (ScriptedImporter) -> (artifact id: '2b1ca6e376bb99e751296a43b4ff3b46') in 0.062177 seconds
Number of updated asset objects reloaded before import = 0Number of asset objects unloaded after import = 1

========================================================================
Received Import Request.
  Time since last request: 0.000019 seconds.
  path: Assets/GDD - Quinnipiac/Pixel Art Character Package/Characters/Addergul/Addergul Dark Blue/Addergul crouch 2-Sheet.png
  artifactKey: Guid(5fd7fc5f77028cf4e8981131c0192447) Importer(2089858483,b0f066a214c2f5e87bad3c948f4d605d)
Start importing Assets/GDD - Quinnipiac/Pixel Art Character Package/Characters/Addergul/Addergul Dark Blue/Addergul crouch 2-Sheet.png using Guid(5fd7fc5f77028cf4e8981131c0192447) Importer(2089858483,b0f066a214c2f5e87bad3c948f4d605d) (ScriptedImporter) -> (artifact id: 'e5ff4f62b5f83cb774bb9ffa5852c84a') in 0.1585131 seconds
Number of updated asset objects reloaded before import = 0Number of asset objects unloaded after import = 10

========================================================================
Received Import Request.
  Time since last request: 0.000025 seconds.
  path: Assets/GDD - Quinnipiac/Pixel Art Character Package/Weapons/Speckles Weapons/Animations/Speckles Green Projectile Animation.anim
  artifactKey: Guid(cf72a7501a3c9cf4faee613d92bdd98b) Importer(2089858483,b0f066a214c2f5e87bad3c948f4d605d)
Start importing Assets/GDD - Quinnipiac/Pixel Art Character Package/Weapons/Speckles Weapons/Animations/Speckles Green Projectile Animation.anim using Guid(cf72a7501a3c9cf4faee613d92bdd98b) Importer(2089858483,b0f066a214c2f5e87bad3c948f4d605d) (ScriptedImporter) -> (artifact id: 'eab41c396a0ddb1de7ec409e4331a198') in 0.0705988 seconds
Number of updated asset objects reloaded before import = 0Number of asset objects unloaded after import = 1

========================================================================
Received Import Request.
  Time since last request: 0.000030 seconds.
  path: Assets/GDD - Quinnipiac/Pixel Art Character Package/Weapons/Puppeteer Weapon/Animation Controllers
  artifactKey: Guid(3f5932f03051e9e4a9d897510ca33707) Importer(2089858483,b0f066a214c2f5e87bad3c948f4d605d)
Start importing Assets/GDD - Quinnipiac/Pixel Art Character Package/Weapons/Puppeteer Weapon/Animation Controllers using Guid(3f5932f03051e9e4a9d897510ca33707) Importer(2089858483,b0f066a214c2f5e87bad3c948f4d605d) (ScriptedImporter) -> (artifact id: 'b91b848be584e60880d0c469708f7ce7') in 0.0097888 seconds
Number of updated asset objects reloaded before import = 0Number of asset objects unloaded after import = 1

========================================================================
Received Import Request.
  Time since last request: 0.000022 seconds.
  path: Assets/GDD - Quinnipiac/Pixel Art Character Package/Characters/Addergul/Addergul Dark Blue/Addergul Dark blue.controller
  artifactKey: Guid(03a2618a380e39742911fda6f81eeea0) Importer(2089858483,b0f066a214c2f5e87bad3c948f4d605d)
Start importing Assets/GDD - Quinnipiac/Pixel Art Character Package/Characters/Addergul/Addergul Dark Blue/Addergul Dark blue.controller using Guid(03a2618a380e39742911fda6f81eeea0) Importer(2089858483,b0f066a214c2f5e87bad3c948f4d605d) (ScriptedImporter) -> (artifact id: '447f9ac32994cb034fa113a061e488e4') in 0.057561 seconds
Number of updated asset objects reloaded before import = 0Number of asset objects unloaded after import = 18

========================================================================
Received Import Request.
  Time since last request: 0.000023 seconds.
  path: Assets/GDD - Quinnipiac/Pixel Art Character Package/Characters/Phantom/Phantom Pink/Phantom Pink.controller
  artifactKey: Guid(413113ae7e32ad94db90459e3e984877) Importer(2089858483,b0f066a214c2f5e87bad3c948f4d605d)
Start importing Assets/GDD - Quinnipiac/Pixel Art Character Package/Characters/Phantom/Phantom Pink/Phantom Pink.controller using Guid(413113ae7e32ad94db90459e3e984877) Importer(2089858483,b0f066a214c2f5e87bad3c948f4d605d) (ScriptedImporter) -> (artifact id: '61201232274cb9b82bf4259a8fe60dc4') in 0.0443309 seconds
Number of updated asset objects reloaded before import = 0Number of asset objects unloaded after import = 18

========================================================================
Received Import Request.
  Time since last request: 0.000023 seconds.
  path: Assets/GDD - Quinnipiac/Pixel Art Character Package/Characters/Phantom/Phantom Red/Phantom walk 3-Sheet.png
  artifactKey: Guid(e2ebab7eb00b2e54ba47f788cea9060b) Importer(2089858483,b0f066a214c2f5e87bad3c948f4d605d)
Start importing Assets/GDD - Quinnipiac/Pixel Art Character Package/Characters/Phantom/Phantom Red/Phantom walk 3-Sheet.png using Guid(e2ebab7eb00b2e54ba47f788cea9060b) Importer(2089858483,b0f066a214c2f5e87bad3c948f4d605d) (ScriptedImporter) -> (artifact id: '92b62c6b79eded9cac396203884345bf') in 0.1108375 seconds
Number of updated asset objects reloaded before import = 0Number of asset objects unloaded after import = 6

========================================================================
Received Import Request.
  Time since last request: 0.000030 seconds.
  path: Assets/GDD - Quinnipiac/Pixel Art Character Package/Characters/Speckle/Speckle Green/Death.anim
  artifactKey: Guid(e6cbc677b608ddf4d8278ce20d49f91b) Importer(2089858483,b0f066a214c2f5e87bad3c948f4d605d)
Start importing Assets/GDD - Quinnipiac/Pixel Art Character Package/Characters/Speckle/Speckle Green/Death.anim using Guid(e6cbc677b608ddf4d8278ce20d49f91b) Importer(2089858483,b0f066a214c2f5e87bad3c948f4d605d) (ScriptedImporter) -> (artifact id: 'aa0c1d86375ce7e5ca61788832e82ca8') in 0.034595 seconds
Number of updated asset objects reloaded before import = 0Number of asset objects unloaded after import = 1

========================================================================
Received Import Request.
  Time since last request: 0.000017 seconds.
  path: Assets/GDD - Quinnipiac/Pixel Art Character Package/Characters/Deton/Deton Red/Deton Turn 4-Sheet.png
  artifactKey: Guid(29cbf7a7f43346c448d48b1abeb3dd57) Importer(2089858483,b0f066a214c2f5e87bad3c948f4d605d)
Start importing Assets/GDD - Quinnipiac/Pixel Art Character Package/Characters/Deton/Deton Red/Deton Turn 4-Sheet.png using Guid(29cbf7a7f43346c448d48b1abeb3dd57) Importer(2089858483,b0f066a214c2f5e87bad3c948f4d605d) (ScriptedImporter) -> (artifact id: '4619cece4478d8b1dfd0c0fcc4d6ce7d') in 0.1162084 seconds
Number of updated asset objects reloaded before import = 0Number of asset objects unloaded after import = 7

========================================================================
Received Import Request.
  Time since last request: 0.000023 seconds.
  path: Assets/GDD - Quinnipiac/Pixel Art Character Package/Weapons/Rattles Weapon/Animations/Rattles Purple Projectile.anim
  artifactKey: Guid(464a1cee5c9722d4fa39bff4e02d1e7b) Importer(2089858483,b0f066a214c2f5e87bad3c948f4d605d)
Start importing Assets/GDD - Quinnipiac/Pixel Art Character Package/Weapons/Rattles Weapon/Animations/Rattles Purple Projectile.anim using Guid(464a1cee5c9722d4fa39bff4e02d1e7b) Importer(2089858483,b0f066a214c2f5e87bad3c948f4d605d) (ScriptedImporter) -> (artifact id: '3f1d280e77d3e801bd75912ad195646b') in 0.0363499 seconds
Number of updated asset objects reloaded before import = 0Number of asset objects unloaded after import = 1

========================================================================
Received Import Request.
  Time since last request: 0.000029 seconds.
  path: Assets/GDD - Quinnipiac/Pixel Art Character Package/Characters/Valkyrie/Valkyrie Red/Valkyrie_Hit-Sheet.png
  artifactKey: Guid(a06b9a2e284c9fc42bd4a958c7c071eb) Importer(2089858483,b0f066a214c2f5e87bad3c948f4d605d)
Start importing Assets/GDD - Quinnipiac/Pixel Art Character Package/Characters/Valkyrie/Valkyrie Red/Valkyrie_Hit-Sheet.png using Guid(a06b9a2e284c9fc42bd4a958c7c071eb) Importer(2089858483,b0f066a214c2f5e87bad3c948f4d605d) (ScriptedImporter) -> (artifact id: 'fed587291e0a0f348bfdffa9908afd09') in 0.1133153 seconds
Number of updated asset objects reloaded before import = 0Number of asset objects unloaded after import = 6

========================================================================
Received Import Request.
  Time since last request: 0.000021 seconds.
  path: Assets/GDD - Quinnipiac/Pixel Art Character Package/Characters/Speckle/Speckle Orange/Speckle crouch-Sheet(1).png
  artifactKey: Guid(934d9d9e714f7e14bbeb4dc81317eb35) Importer(2089858483,b0f066a214c2f5e87bad3c948f4d605d)
Start importing Assets/GDD - Quinnipiac/Pixel Art Character Package/Characters/Speckle/Speckle Orange/Speckle crouch-Sheet(1).png using Guid(934d9d9e714f7e14bbeb4dc81317eb35) Importer(2089858483,b0f066a214c2f5e87bad3c948f4d605d) (ScriptedImporter) -> (artifact id: 'ab361091facef4b1df99ddf0ee0244c6') in 0.072391 seconds
Number of updated asset objects reloaded before import = 0Number of asset objects unloaded after import = 10

========================================================================
Received Import Request.
  Time since last request: 0.000025 seconds.
  path: Assets/GDD - Quinnipiac/Pixel Art Character Package/Characters/Frank/Frank Orange/Frank turn 2-Sheet.png
  artifactKey: Guid(068b05dcdb540fc4ba423c6e12b72536) Importer(2089858483,b0f066a214c2f5e87bad3c948f4d605d)
Start importing Assets/GDD - Quinnipiac/Pixel Art Character Package/Characters/Frank/Frank Orange/Frank turn 2-Sheet.png using Guid(068b05dcdb540fc4ba423c6e12b72536) Importer(2089858483,b0f066a214c2f5e87bad3c948f4d605d) (ScriptedImporter) -> (artifact id: '39fb4c24abe4d3035b09b500e9d1aecf') in 0.0728421 seconds
Number of updated asset objects reloaded before import = 0Number of asset objects unloaded after import = 7

========================================================================
Received Import Request.
  Time since last request: 0.000122 seconds.
  path: Assets/GDD - Quinnipiac/Pixel Art Character Package/Characters/Goop/Goop Red/goop air-Sheet.png
  artifactKey: Guid(e29c01a4e2f6cb74ca25c967739a8ca8) Importer(2089858483,b0f066a214c2f5e87bad3c948f4d605d)
Start importing Assets/GDD - Quinnipiac/Pixel Art Character Package/Characters/Goop/Goop Red/goop air-Sheet.png using Guid(e29c01a4e2f6cb74ca25c967739a8ca8) Importer(2089858483,b0f066a214c2f5e87bad3c948f4d605d) (ScriptedImporter) -> (artifact id: '6b9fa8436a9a3cda9199828c9d558482') in 0.1401709 seconds
Number of updated asset objects reloaded before import = 0Number of asset objects unloaded after import = 6

========================================================================
Received Import Request.
  Time since last request: 0.000023 seconds.
  path: Assets/GDD - Quinnipiac/Pixel Art Character Package/Weapons/Rattles Weapon
  artifactKey: Guid(347953418f40bec468caaddece7691de) Importer(2089858483,b0f066a214c2f5e87bad3c948f4d605d)
Start importing Assets/GDD - Quinnipiac/Pixel Art Character Package/Weapons/Rattles Weapon using Guid(347953418f40bec468caaddece7691de) Importer(2089858483,b0f066a214c2f5e87bad3c948f4d605d) (ScriptedImporter) -> (artifact id: '7fd4dcf7964ec6d14ff73d3448483fa6') in 0.0116365 seconds
Number of updated asset objects reloaded before import = 0Number of asset objects unloaded after import = 1

========================================================================
Received Import Request.
  Time since last request: 0.000028 seconds.
  path: Assets/GDD - Quinnipiac/Pixel Art Character Package/Characters/Addergul/Addergul Dark Blue/Run.anim
  artifactKey: Guid(fa103f1e80525004e85fdb3cd4360837) Importer(2089858483,b0f066a214c2f5e87bad3c948f4d605d)
Start importing Assets/GDD - Quinnipiac/Pixel Art Character Package/Characters/Addergul/Addergul Dark Blue/Run.anim using Guid(fa103f1e80525004e85fdb3cd4360837) Importer(2089858483,b0f066a214c2f5e87bad3c948f4d605d) (ScriptedImporter) -> (artifact id: '66a1c65407395854548e38f7290616f8') in 0.0528621 seconds
Number of updated asset objects reloaded before import = 0Number of asset objects unloaded after import = 1

========================================================================
Received Import Request.
  Time since last request: 0.000019 seconds.
  path: Assets/GDD - Quinnipiac/Pixel Art Character Package/Characters/Addergul/Addergul White/Hit.anim
  artifactKey: Guid(a7c2d255c8af3634e947a42485d2f852) Importer(2089858483,b0f066a214c2f5e87bad3c948f4d605d)
Start importing Assets/GDD - Quinnipiac/Pixel Art Character Package/Characters/Addergul/Addergul White/Hit.anim using Guid(a7c2d255c8af3634e947a42485d2f852) Importer(2089858483,b0f066a214c2f5e87bad3c948f4d605d) (ScriptedImporter) -> (artifact id: '2358a27baf41aef02fb6fa789506177a') in 0.0325663 seconds
Number of updated asset objects reloaded before import = 0Number of asset objects unloaded after import = 1

========================================================================
Received Import Request.
  Time since last request: 0.000026 seconds.
  path: Assets/GDD - Quinnipiac/Pixel Art Character Package/Characters/Goop/Goop Orange/goop run 2-Sheet.png
  artifactKey: Guid(91c595d1e8dedf24cb3c2322b1737366) Importer(2089858483,b0f066a214c2f5e87bad3c948f4d605d)
Start importing Assets/GDD - Quinnipiac/Pixel Art Character Package/Characters/Goop/Goop Orange/goop run 2-Sheet.png using Guid(91c595d1e8dedf24cb3c2322b1737366) Importer(2089858483,b0f066a214c2f5e87bad3c948f4d605d) (ScriptedImporter) -> (artifact id: 'f3748ca3f9c4857bacbe411c73f478d7') in 0.0747238 seconds
Number of updated asset objects reloaded before import = 0Number of asset objects unloaded after import = 7

========================================================================
Received Import Request.
  Time since last request: 0.000034 seconds.
  path: Assets/GDD - Quinnipiac/Pixel Art Character Package/Characters/Rattles
  artifactKey: Guid(272915f1fdd5a7c4bb6bb94f61818e5a) Importer(2089858483,b0f066a214c2f5e87bad3c948f4d605d)
Start importing Assets/GDD - Quinnipiac/Pixel Art Character Package/Characters/Rattles using Guid(272915f1fdd5a7c4bb6bb94f61818e5a) Importer(2089858483,b0f066a214c2f5e87bad3c948f4d605d) (ScriptedImporter) -> (artifact id: '3f25926c505cc908c2071cb9ed4298c4') in 0.0145022 seconds
Number of updated asset objects reloaded before import = 0Number of asset objects unloaded after import = 1

========================================================================
Received Import Request.
  Time since last request: 0.000018 seconds.
  path: Assets/GDD - Quinnipiac/Pixel Art Character Package/Characters/Rattles/Rattles Red/Run.anim
  artifactKey: Guid(565fa90b51d48654e8bd4e4e12f0b503) Importer(2089858483,b0f066a214c2f5e87bad3c948f4d605d)
Start importing Assets/GDD - Quinnipiac/Pixel Art Character Package/Characters/Rattles/Rattles Red/Run.anim using Guid(565fa90b51d48654e8bd4e4e12f0b503) Importer(2089858483,b0f066a214c2f5e87bad3c948f4d605d) (ScriptedImporter) -> (artifact id: 'e6eab371a549dd4516efdbbc50f62baf') in 0.0404806 seconds
Number of updated asset objects reloaded before import = 0Number of asset objects unloaded after import = 1

========================================================================
Received Import Request.
  Time since last request: 0.000021 seconds.
  path: Assets/GDD - Quinnipiac/Pixel Art Character Package/Characters/Phantom/Phantom Green/Phantom idle 4-Sheet.png
  artifactKey: Guid(55045297179c96b4db873fc76854c72f) Importer(2089858483,b0f066a214c2f5e87bad3c948f4d605d)
Start importing Assets/GDD - Quinnipiac/Pixel Art Character Package/Characters/Phantom/Phantom Green/Phantom idle 4-Sheet.png using Guid(55045297179c96b4db873fc76854c72f) Importer(2089858483,b0f066a214c2f5e87bad3c948f4d605d) (ScriptedImporter) -> (artifact id: 'a7c9846905d01774b1729e2884b7ea4a') in 0.0653275 seconds
Number of updated asset objects reloaded before import = 0Number of asset objects unloaded after import = 6

========================================================================
Received Import Request.
  Time since last request: 0.000024 seconds.
  path: Assets/GDD - Quinnipiac/Pixel Art Character Package/Characters/Phantom/Phantom Green/Idle.anim
  artifactKey: Guid(c4aab90c0c01715409ae34dd1aeb8ef8) Importer(2089858483,b0f066a214c2f5e87bad3c948f4d605d)
Start importing Assets/GDD - Quinnipiac/Pixel Art Character Package/Characters/Phantom/Phantom Green/Idle.anim using Guid(c4aab90c0c01715409ae34dd1aeb8ef8) Importer(2089858483,b0f066a214c2f5e87bad3c948f4d605d) (ScriptedImporter) -> (artifact id: '8fcd6f856a80f11e3df4e4473dc39388') in 0.0225536 seconds
Number of updated asset objects reloaded before import = 0Number of asset objects unloaded after import = 1

========================================================================
Received Import Request.
  Time since last request: 0.000032 seconds.
  path: Assets/GDD - Quinnipiac/Pixel Art Character Package/Weapons/Phantom Weapons/Animations/Pink Projectile Animation.anim
  artifactKey: Guid(677f505399390e74fa75cab0651b757b) Importer(2089858483,b0f066a214c2f5e87bad3c948f4d605d)
Start importing Assets/GDD - Quinnipiac/Pixel Art Character Package/Weapons/Phantom Weapons/Animations/Pink Projectile Animation.anim using Guid(677f505399390e74fa75cab0651b757b) Importer(2089858483,b0f066a214c2f5e87bad3c948f4d605d) (ScriptedImporter) -> (artifact id: '49973aa89f62ade050fe109b4ef06ab0') in 0.0494462 seconds
Number of updated asset objects reloaded before import = 0Number of asset objects unloaded after import = 1

========================================================================
Received Prepare
Begin MonoManager ReloadAssembly
[Licensing::Client] Successfully resolved entitlement details
[Licensing::Module] License group:
  Id: F4-FDX7-899P-3D7X-9PB8-XXXX
  Product: Unity Personal
  Type: ULF
  Expiration: Unlimited
[Licensing::Module] License group:
  Id: 7972062332293-UnityPersXXXX
  Product: Unity Personal
  Type: Assigned
  Expiration: Unlimited
- Loaded All Assemblies, in  1.342 seconds
Refreshing native plugins compatible for Editor in 4.09 ms, found 5 plugins.
Native extension for Android target not found
Native extension for WindowsStandalone target not found
Native extension for WebGL target not found
[Package Manager] Failed to launch server process. Reason: Unity was launched with the -noUpm command-line argument
[Package Manager] Unable to send message (not connected to server process).
[Package Manager] Cannot connect to Unity Package Manager local server
[Package Manager] Failed to launch server process. Reason: Unity was launched with the -noUpm command-line argument
[Package Manager] Unable to send message (not connected to server process).
[Package Manager] Cannot connect to Unity Package Manager local server
ScheduleIndexationOnStartup MainProcess:False IndexOnStartup:True
Mono: successfully reloaded assembly
- Finished resetting the current domain, in  1.236 seconds
Domain Reload Profiling: 2583ms
	BeginReloadAssembly (365ms)
		ExecutionOrderSort (0ms)
		DisableScriptedObjects (30ms)
		BackupInstance (0ms)
		ReleaseScriptingObjects (1ms)
		CreateAndSetChildDomain (103ms)
	RebuildCommonClasses (52ms)
	RebuildNativeTypeToScriptingClass (21ms)
	initialDomainReloadingComplete (42ms)
	LoadAllAssembliesAndSetupDomain (867ms)
		LoadAssemblies (666ms)
		RebuildTransferFunctionScriptingTraits (0ms)
		AnalyzeDomain (347ms)
			TypeCache.Refresh (17ms)
				TypeCache.ScanAssembly (2ms)
			BuildScriptInfoCaches (305ms)
			ResolveRequiredComponents (17ms)
	FinalizeReload (1237ms)
		ReleaseScriptCaches (0ms)
		RebuildScriptCaches (0ms)
		SetupLoadedEditorAssemblies (1005ms)
			LogAssemblyErrors (0ms)
			InitializePlatformSupportModulesInManaged (12ms)
			SetLoadedEditorAssemblies (8ms)
			BeforeProcessingInitializeOnLoad (309ms)
			ProcessInitializeOnLoadAttributes (548ms)
			ProcessInitializeOnLoadMethodAttributes (125ms)
			AfterProcessingInitializeOnLoad (3ms)
			EditorAssembliesLoaded (0ms)
		ExecutionOrderSort2 (0ms)
		AwakeInstancesAfterBackupRestoration (23ms)
Refreshing native plugins compatible for Editor in 4.04 ms, found 5 plugins.
Preloading 0 native plugins for Editor in 0.00 ms.
Unloading 16 Unused Serialized files (Serialized files now loaded: 0)
Unloading 7274 unused Assets / (4.9 MB). Loaded Objects now: 8092.
Memory consumption went from 158.7 MB to 153.8 MB.
Total: 11.246800 ms (FindLiveObjects: 1.010200 ms CreateObjectMapping: 0.746800 ms MarkObjects: 6.715500 ms  DeleteObjects: 2.772700 ms)

Prepare: number of updated asset objects reloaded= 0
========================================================================
Received Prepare
Begin MonoManager ReloadAssembly
- Loaded All Assemblies, in  1.170 seconds
Refreshing native plugins compatible for Editor in 3.96 ms, found 5 plugins.
Native extension for Android target not found
Native extension for WindowsStandalone target not found
Native extension for WebGL target not found
[Package Manager] Failed to launch server process. Reason: Unity was launched with the -noUpm command-line argument
[Package Manager] Unable to send message (not connected to server process).
[Package Manager] Cannot connect to Unity Package Manager local server
[Package Manager] Failed to launch server process. Reason: Unity was launched with the -noUpm command-line argument
[Package Manager] Unable to send message (not connected to server process).
[Package Manager] Cannot connect to Unity Package Manager local server
ScheduleIndexationOnStartup MainProcess:False IndexOnStartup:True
Mono: successfully reloaded assembly
- Finished resetting the current domain, in  1.243 seconds
Domain Reload Profiling: 2416ms
	BeginReloadAssembly (285ms)
		ExecutionOrderSort (0ms)
		DisableScriptedObjects (21ms)
		BackupInstance (0ms)
		ReleaseScriptingObjects (0ms)
		CreateAndSetChildDomain (59ms)
	RebuildCommonClasses (48ms)
	RebuildNativeTypeToScriptingClass (19ms)
	initialDomainReloadingComplete (37ms)
	LoadAllAssembliesAndSetupDomain (782ms)
		LoadAssemblies (589ms)
		RebuildTransferFunctionScriptingTraits (0ms)
		AnalyzeDomain (330ms)
			TypeCache.Refresh (12ms)
				TypeCache.ScanAssembly (0ms)
			BuildScriptInfoCaches (296ms)
			ResolveRequiredComponents (16ms)
	FinalizeReload (1244ms)
		ReleaseScriptCaches (0ms)
		RebuildScriptCaches (0ms)
		SetupLoadedEditorAssemblies (1013ms)
			LogAssemblyErrors (0ms)
			InitializePlatformSupportModulesInManaged (12ms)
			SetLoadedEditorAssemblies (7ms)
			BeforeProcessingInitializeOnLoad (311ms)
			ProcessInitializeOnLoadAttributes (556ms)
			ProcessInitializeOnLoadMethodAttributes (122ms)
			AfterProcessingInitializeOnLoad (3ms)
			EditorAssembliesLoaded (0ms)
		ExecutionOrderSort2 (0ms)
		AwakeInstancesAfterBackupRestoration (22ms)
Refreshing native plugins compatible for Editor in 3.85 ms, found 5 plugins.
Preloading 0 native plugins for Editor in 0.00 ms.
Unloading 16 Unused Serialized files (Serialized files now loaded: 0)
Unloading 7274 unused Assets / (4.6 MB). Loaded Objects now: 8095.
Memory consumption went from 158.7 MB to 154.2 MB.
Total: 10.543700 ms (FindLiveObjects: 0.966600 ms CreateObjectMapping: 0.547000 ms MarkObjects: 6.654700 ms  DeleteObjects: 2.374100 ms)

Prepare: number of updated asset objects reloaded= 0
========================================================================
Received Prepare
Begin MonoManager ReloadAssembly
[Licensing::Client] Successfully resolved entitlement details
[Licensing::Module] License group:
  Id: F4-FDX7-899P-3D7X-9PB8-XXXX
  Product: Unity Personal
  Type: ULF
  Expiration: Unlimited
[Licensing::Module] License group:
  Id: 7972062332293-UnityPersXXXX
  Product: Unity Personal
  Type: Assigned
  Expiration: Unlimited
- Loaded All Assemblies, in  1.179 seconds
Refreshing native plugins compatible for Editor in 3.99 ms, found 5 plugins.
Native extension for Android target not found
Native extension for WindowsStandalone target not found
Native extension for WebGL target not found
[Package Manager] Failed to launch server process. Reason: Unity was launched with the -noUpm command-line argument
[Package Manager] Unable to send message (not connected to server process).
[Package Manager] Cannot connect to Unity Package Manager local server
[Package Manager] Failed to launch server process. Reason: Unity was launched with the -noUpm command-line argument
[Package Manager] Unable to send message (not connected to server process).
[Package Manager] Cannot connect to Unity Package Manager local server
ScheduleIndexationOnStartup MainProcess:False IndexOnStartup:True
Mono: successfully reloaded assembly
- Finished resetting the current domain, in  1.256 seconds
Domain Reload Profiling: 2437ms
	BeginReloadAssembly (281ms)
		ExecutionOrderSort (0ms)
		DisableScriptedObjects (21ms)
		BackupInstance (0ms)
		ReleaseScriptingObjects (0ms)
		CreateAndSetChildDomain (57ms)
	RebuildCommonClasses (46ms)
	RebuildNativeTypeToScriptingClass (19ms)
	initialDomainReloadingComplete (36ms)
	LoadAllAssembliesAndSetupDomain (798ms)
		LoadAssemblies (606ms)
		RebuildTransferFunctionScriptingTraits (0ms)
		AnalyzeDomain (326ms)
			TypeCache.Refresh (11ms)
				TypeCache.ScanAssembly (0ms)
			BuildScriptInfoCaches (292ms)
			ResolveRequiredComponents (16ms)
	FinalizeReload (1257ms)
		ReleaseScriptCaches (0ms)
		RebuildScriptCaches (0ms)
		SetupLoadedEditorAssemblies (1022ms)
			LogAssemblyErrors (0ms)
			InitializePlatformSupportModulesInManaged (12ms)
			SetLoadedEditorAssemblies (7ms)
			BeforeProcessingInitializeOnLoad (313ms)
			ProcessInitializeOnLoadAttributes (559ms)
			ProcessInitializeOnLoadMethodAttributes (126ms)
			AfterProcessingInitializeOnLoad (3ms)
			EditorAssembliesLoaded (0ms)
		ExecutionOrderSort2 (0ms)
		AwakeInstancesAfterBackupRestoration (24ms)
Refreshing native plugins compatible for Editor in 4.05 ms, found 5 plugins.
Preloading 0 native plugins for Editor in 0.00 ms.
Unloading 16 Unused Serialized files (Serialized files now loaded: 0)
Unloading 7274 unused Assets / (4.6 MB). Loaded Objects now: 8098.
Memory consumption went from 158.8 MB to 154.2 MB.
Total: 11.512300 ms (FindLiveObjects: 1.043800 ms CreateObjectMapping: 0.786800 ms MarkObjects: 6.931900 ms  DeleteObjects: 2.748000 ms)

Prepare: number of updated asset objects reloaded= 0
========================================================================
Received Prepare
Begin MonoManager ReloadAssembly
[Licensing::Client] Successfully resolved entitlement details
[Licensing::Module] License group:
  Id: F4-FDX7-899P-3D7X-9PB8-XXXX
  Product: Unity Personal
  Type: ULF
  Expiration: Unlimited
[Licensing::Module] License group:
  Id: 7972062332293-UnityPersXXXX
  Product: Unity Personal
  Type: Assigned
  Expiration: Unlimited
- Loaded All Assemblies, in  1.175 seconds
Refreshing native plugins compatible for Editor in 3.96 ms, found 5 plugins.
Assertion failed on expression: 'pred(*previous, *i)'
Assertion failed on expression: 'pred(*previous, *i)'
Assertion failed on expression: 'pred(*previous, *i)'
Assertion failed on expression: 'pred(*previous, *i)'
Assertion failed on expression: 'pred(*previous, *i)'
Assertion failed on expression: 'pred(*previous, *i)'
Assertion failed on expression: 'pred(*previous, *i)'
Assertion failed on expression: 'pred(*previous, *i)'
Assertion failed on expression: 'pred(*previous, *i)'
Native extension for Android target not found
Native extension for WindowsStandalone target not found
Native extension for WebGL target not found
[Package Manager] Failed to launch server process. Reason: Unity was launched with the -noUpm command-line argument
[Package Manager] Unable to send message (not connected to server process).
[Package Manager] Cannot connect to Unity Package Manager local server
[Package Manager] Failed to launch server process. Reason: Unity was launched with the -noUpm command-line argument
[Package Manager] Unable to send message (not connected to server process).
[Package Manager] Cannot connect to Unity Package Manager local server
ScheduleIndexationOnStartup MainProcess:False IndexOnStartup:True
Mono: successfully reloaded assembly
- Finished resetting the current domain, in  1.264 seconds
Domain Reload Profiling: 2442ms
	BeginReloadAssembly (282ms)
		ExecutionOrderSort (0ms)
		DisableScriptedObjects (21ms)
		BackupInstance (0ms)
		ReleaseScriptingObjects (0ms)
		CreateAndSetChildDomain (56ms)
	RebuildCommonClasses (48ms)
	RebuildNativeTypeToScriptingClass (19ms)
	initialDomainReloadingComplete (36ms)
	LoadAllAssembliesAndSetupDomain (792ms)
		LoadAssemblies (606ms)
		RebuildTransferFunctionScriptingTraits (0ms)
		AnalyzeDomain (323ms)
			TypeCache.Refresh (11ms)
				TypeCache.ScanAssembly (0ms)
			BuildScriptInfoCaches (290ms)
			ResolveRequiredComponents (16ms)
	FinalizeReload (1265ms)
		ReleaseScriptCaches (0ms)
		RebuildScriptCaches (0ms)
		SetupLoadedEditorAssemblies (1015ms)
			LogAssemblyErrors (0ms)
			InitializePlatformSupportModulesInManaged (12ms)
			SetLoadedEditorAssemblies (7ms)
			BeforeProcessingInitializeOnLoad (306ms)
			ProcessInitializeOnLoadAttributes (563ms)
			ProcessInitializeOnLoadMethodAttributes (124ms)
			AfterProcessingInitializeOnLoad (3ms)
			EditorAssembliesLoaded (0ms)
		ExecutionOrderSort2 (0ms)
		AwakeInstancesAfterBackupRestoration (23ms)
Refreshing native plugins compatible for Editor in 3.84 ms, found 5 plugins.
Preloading 0 native plugins for Editor in 0.00 ms.
Unloading 16 Unused Serialized files (Serialized files now loaded: 0)
Unloading 7274 unused Assets / (4.6 MB). Loaded Objects now: 8101.
Memory consumption went from 158.8 MB to 154.2 MB.
Total: 10.810300 ms (FindLiveObjects: 0.977600 ms CreateObjectMapping: 0.720800 ms MarkObjects: 6.247200 ms  DeleteObjects: 2.863500 ms)

Prepare: number of updated asset objects reloaded= 0
========================================================================
Received Prepare
Begin MonoManager ReloadAssembly
- Loaded All Assemblies, in  1.220 seconds
Refreshing native plugins compatible for Editor in 4.12 ms, found 5 plugins.
Assertion failed on expression: 'pred(*previous, *i)'
Assertion failed on expression: 'pred(*previous, *i)'
Assertion failed on expression: 'pred(*previous, *i)'
Assertion failed on expression: 'pred(*previous, *i)'
Assertion failed on expression: 'pred(*previous, *i)'
Assertion failed on expression: 'pred(*previous, *i)'
Assertion failed on expression: 'pred(*previous, *i)'
Assertion failed on expression: 'pred(*previous, *i)'
Assertion failed on expression: 'pred(*previous, *i)'
Native extension for Android target not found
Native extension for WindowsStandalone target not found
Native extension for WebGL target not found
[Package Manager] Failed to launch server process. Reason: Unity was launched with the -noUpm command-line argument
[Package Manager] Unable to send message (not connected to server process).
[Package Manager] Cannot connect to Unity Package Manager local server
[Package Manager] Failed to launch server process. Reason: Unity was launched with the -noUpm command-line argument
[Package Manager] Unable to send message (not connected to server process).
[Package Manager] Cannot connect to Unity Package Manager local server
ScheduleIndexationOnStartup MainProcess:False IndexOnStartup:True
Mono: successfully reloaded assembly
- Finished resetting the current domain, in  1.250 seconds
Domain Reload Profiling: 2473ms
	BeginReloadAssembly (288ms)
		ExecutionOrderSort (0ms)
		DisableScriptedObjects (20ms)
		BackupInstance (0ms)
		ReleaseScriptingObjects (0ms)
		CreateAndSetChildDomain (57ms)
	RebuildCommonClasses (47ms)
	RebuildNativeTypeToScriptingClass (19ms)
	initialDomainReloadingComplete (36ms)
	LoadAllAssembliesAndSetupDomain (832ms)
		LoadAssemblies (643ms)
		RebuildTransferFunctionScriptingTraits (0ms)
		AnalyzeDomain (330ms)
			TypeCache.Refresh (12ms)
				TypeCache.ScanAssembly (0ms)
			BuildScriptInfoCaches (294ms)
			ResolveRequiredComponents (17ms)
	FinalizeReload (1251ms)
		ReleaseScriptCaches (0ms)
		RebuildScriptCaches (0ms)
		SetupLoadedEditorAssemblies (1017ms)
			LogAssemblyErrors (0ms)
			InitializePlatformSupportModulesInManaged (12ms)
			SetLoadedEditorAssemblies (7ms)
			BeforeProcessingInitializeOnLoad (312ms)
			ProcessInitializeOnLoadAttributes (558ms)
			ProcessInitializeOnLoadMethodAttributes (125ms)
			AfterProcessingInitializeOnLoad (3ms)
			EditorAssembliesLoaded (0ms)
		ExecutionOrderSort2 (0ms)
		AwakeInstancesAfterBackupRestoration (25ms)
Refreshing native plugins compatible for Editor in 3.55 ms, found 5 plugins.
Preloading 0 native plugins for Editor in 0.00 ms.
Unloading 16 Unused Serialized files (Serialized files now loaded: 0)
Unloading 7274 unused Assets / (4.2 MB). Loaded Objects now: 8104.
Memory consumption went from 158.9 MB to 154.6 MB.
Total: 9.640000 ms (FindLiveObjects: 0.971400 ms CreateObjectMapping: 0.564200 ms MarkObjects: 5.770100 ms  DeleteObjects: 2.333000 ms)

Prepare: number of updated asset objects reloaded= 0
========================================================================
Received Prepare
Begin MonoManager ReloadAssembly
[Licensing::Client] Successfully resolved entitlement details
[Licensing::Module] License group:
  Id: F4-FDX7-899P-3D7X-9PB8-XXXX
  Product: Unity Personal
  Type: ULF
  Expiration: Unlimited
[Licensing::Module] License group:
  Id: 7972062332293-UnityPersXXXX
  Product: Unity Personal
  Type: Assigned
  Expiration: Unlimited
- Loaded All Assemblies, in  1.247 seconds
Refreshing native plugins compatible for Editor in 4.50 ms, found 5 plugins.
Assertion failed on expression: 'pred(*previous, *i)'
Assertion failed on expression: 'pred(*previous, *i)'
Assertion failed on expression: 'pred(*previous, *i)'
Assertion failed on expression: 'pred(*previous, *i)'
Assertion failed on expression: 'pred(*previous, *i)'
Assertion failed on expression: 'pred(*previous, *i)'
Assertion failed on expression: 'pred(*previous, *i)'
Assertion failed on expression: 'pred(*previous, *i)'
Assertion failed on expression: 'pred(*previous, *i)'
Native extension for Android target not found
Native extension for WindowsStandalone target not found
Native extension for WebGL target not found
[Package Manager] Failed to launch server process. Reason: Unity was launched with the -noUpm command-line argument
[Package Manager] Unable to send message (not connected to server process).
[Package Manager] Cannot connect to Unity Package Manager local server
[Package Manager] Failed to launch server process. Reason: Unity was launched with the -noUpm command-line argument
[Package Manager] Unable to send message (not connected to server process).
[Package Manager] Cannot connect to Unity Package Manager local server
ScheduleIndexationOnStartup MainProcess:False IndexOnStartup:True
Mono: successfully reloaded assembly
- Finished resetting the current domain, in  1.283 seconds
Domain Reload Profiling: 2533ms
	BeginReloadAssembly (298ms)
		ExecutionOrderSort (0ms)
		DisableScriptedObjects (21ms)
		BackupInstance (0ms)
		ReleaseScriptingObjects (0ms)
		CreateAndSetChildDomain (57ms)
	RebuildCommonClasses (50ms)
	RebuildNativeTypeToScriptingClass (22ms)
	initialDomainReloadingComplete (40ms)
	LoadAllAssembliesAndSetupDomain (839ms)
		LoadAssemblies (657ms)
		RebuildTransferFunctionScriptingTraits (0ms)
		AnalyzeDomain (330ms)
			TypeCache.Refresh (11ms)
				TypeCache.ScanAssembly (0ms)
			BuildScriptInfoCaches (297ms)
			ResolveRequiredComponents (16ms)
	FinalizeReload (1283ms)
		ReleaseScriptCaches (0ms)
		RebuildScriptCaches (0ms)
		SetupLoadedEditorAssemblies (1041ms)
			LogAssemblyErrors (0ms)
			InitializePlatformSupportModulesInManaged (12ms)
			SetLoadedEditorAssemblies (7ms)
			BeforeProcessingInitializeOnLoad (315ms)
			ProcessInitializeOnLoadAttributes (567ms)
			ProcessInitializeOnLoadMethodAttributes (137ms)
			AfterProcessingInitializeOnLoad (3ms)
			EditorAssembliesLoaded (0ms)
		ExecutionOrderSort2 (0ms)
		AwakeInstancesAfterBackupRestoration (23ms)
Refreshing native plugins compatible for Editor in 3.93 ms, found 5 plugins.
Preloading 0 native plugins for Editor in 0.00 ms.
Unloading 16 Unused Serialized files (Serialized files now loaded: 0)
Unloading 7274 unused Assets / (4.6 MB). Loaded Objects now: 8107.
Memory consumption went from 158.9 MB to 154.4 MB.
Total: 10.201100 ms (FindLiveObjects: 0.972800 ms CreateObjectMapping: 0.548900 ms MarkObjects: 6.168000 ms  DeleteObjects: 2.510200 ms)

Prepare: number of updated asset objects reloaded= 0
========================================================================
Received Prepare
Begin MonoManager ReloadAssembly
[Licensing::Client] Successfully resolved entitlement details
[Licensing::Module] License group:
  Id: F4-FDX7-899P-3D7X-9PB8-XXXX
  Product: Unity Personal
  Type: ULF
  Expiration: Unlimited
[Licensing::Module] License group:
  Id: 7972062332293-UnityPersXXXX
  Product: Unity Personal
  Type: Assigned
  Expiration: Unlimited
- Loaded All Assemblies, in  1.194 seconds
Refreshing native plugins compatible for Editor in 3.35 ms, found 5 plugins.
Assertion failed on expression: 'pred(*previous, *i)'
Assertion failed on expression: 'pred(*previous, *i)'
Assertion failed on expression: 'pred(*previous, *i)'
Assertion failed on expression: 'pred(*previous, *i)'
Assertion failed on expression: 'pred(*previous, *i)'
Assertion failed on expression: 'pred(*previous, *i)'
Assertion failed on expression: 'pred(*previous, *i)'
Assertion failed on expression: 'pred(*previous, *i)'
Assertion failed on expression: 'pred(*previous, *i)'
Native extension for Android target not found
Native extension for WindowsStandalone target not found
Native extension for WebGL target not found
[Package Manager] Failed to launch server process. Reason: Unity was launched with the -noUpm command-line argument
[Package Manager] Unable to send message (not connected to server process).
[Package Manager] Cannot connect to Unity Package Manager local server
[Package Manager] Failed to launch server process. Reason: Unity was launched with the -noUpm command-line argument
[Package Manager] Unable to send message (not connected to server process).
[Package Manager] Cannot connect to Unity Package Manager local server
ScheduleIndexationOnStartup MainProcess:False IndexOnStartup:True
Mono: successfully reloaded assembly
- Finished resetting the current domain, in  1.246 seconds
Domain Reload Profiling: 2443ms
	BeginReloadAssembly (292ms)
		ExecutionOrderSort (0ms)
		DisableScriptedObjects (21ms)
		BackupInstance (0ms)
		ReleaseScriptingObjects (0ms)
		CreateAndSetChildDomain (57ms)
	RebuildCommonClasses (48ms)
	RebuildNativeTypeToScriptingClass (19ms)
	initialDomainReloadingComplete (36ms)
	LoadAllAssembliesAndSetupDomain (801ms)
		LoadAssemblies (620ms)
		RebuildTransferFunctionScriptingTraits (0ms)
		AnalyzeDomain (323ms)
			TypeCache.Refresh (11ms)
				TypeCache.ScanAssembly (0ms)
			BuildScriptInfoCaches (289ms)
			ResolveRequiredComponents (16ms)
	FinalizeReload (1247ms)
		ReleaseScriptCaches (0ms)
		RebuildScriptCaches (0ms)
		SetupLoadedEditorAssemblies (1018ms)
			LogAssemblyErrors (0ms)
			InitializePlatformSupportModulesInManaged (11ms)
			SetLoadedEditorAssemblies (8ms)
			BeforeProcessingInitializeOnLoad (316ms)
			ProcessInitializeOnLoadAttributes (554ms)
			ProcessInitializeOnLoadMethodAttributes (125ms)
			AfterProcessingInitializeOnLoad (3ms)
			EditorAssembliesLoaded (0ms)
		ExecutionOrderSort2 (0ms)
		AwakeInstancesAfterBackupRestoration (25ms)
Refreshing native plugins compatible for Editor in 3.92 ms, found 5 plugins.
Preloading 0 native plugins for Editor in 0.00 ms.
Unloading 16 Unused Serialized files (Serialized files now loaded: 0)
Unloading 7274 unused Assets / (4.4 MB). Loaded Objects now: 8110.
Memory consumption went from 159.0 MB to 154.6 MB.
Total: 10.722500 ms (FindLiveObjects: 1.058100 ms CreateObjectMapping: 0.726500 ms MarkObjects: 6.412900 ms  DeleteObjects: 2.523000 ms)

Prepare: number of updated asset objects reloaded= 0
========================================================================
Received Prepare
Begin MonoManager ReloadAssembly
[Licensing::Client] Successfully resolved entitlement details
[Licensing::Module] License group:
  Id: F4-FDX7-899P-3D7X-9PB8-XXXX
  Product: Unity Personal
  Type: ULF
  Expiration: Unlimited
[Licensing::Module] License group:
  Id: 7972062332293-UnityPersXXXX
  Product: Unity Personal
  Type: Assigned
  Expiration: Unlimited
- Loaded All Assemblies, in  1.222 seconds
Refreshing native plugins compatible for Editor in 3.70 ms, found 5 plugins.
Assertion failed on expression: 'pred(*previous, *i)'
Assertion failed on expression: 'pred(*previous, *i)'
Assertion failed on expression: 'pred(*previous, *i)'
Assertion failed on expression: 'pred(*previous, *i)'
Assertion failed on expression: 'pred(*previous, *i)'
Assertion failed on expression: 'pred(*previous, *i)'
Assertion failed on expression: 'pred(*previous, *i)'
Assertion failed on expression: 'pred(*previous, *i)'
Assertion failed on expression: 'pred(*previous, *i)'
Native extension for Android target not found
Native extension for WindowsStandalone target not found
Native extension for WebGL target not found
[Package Manager] Failed to launch server process. Reason: Unity was launched with the -noUpm command-line argument
[Package Manager] Unable to send message (not connected to server process).
[Package Manager] Cannot connect to Unity Package Manager local server
[Package Manager] Failed to launch server process. Reason: Unity was launched with the -noUpm command-line argument
[Package Manager] Unable to send message (not connected to server process).
[Package Manager] Cannot connect to Unity Package Manager local server
ScheduleIndexationOnStartup MainProcess:False IndexOnStartup:True
Mono: successfully reloaded assembly
- Finished resetting the current domain, in  1.251 seconds
Domain Reload Profiling: 2476ms
	BeginReloadAssembly (285ms)
		ExecutionOrderSort (0ms)
		DisableScriptedObjects (20ms)
		BackupInstance (0ms)
		ReleaseScriptingObjects (0ms)
		CreateAndSetChildDomain (54ms)
	RebuildCommonClasses (47ms)
	RebuildNativeTypeToScriptingClass (20ms)
	initialDomainReloadingComplete (38ms)
	LoadAllAssembliesAndSetupDomain (835ms)
		LoadAssemblies (637ms)
		RebuildTransferFunctionScriptingTraits (0ms)
		AnalyzeDomain (337ms)
			TypeCache.Refresh (16ms)
				TypeCache.ScanAssembly (2ms)
			BuildScriptInfoCaches (299ms)
			ResolveRequiredComponents (16ms)
	FinalizeReload (1251ms)
		ReleaseScriptCaches (0ms)
		RebuildScriptCaches (0ms)
		SetupLoadedEditorAssemblies (1029ms)
			LogAssemblyErrors (0ms)
			InitializePlatformSupportModulesInManaged (12ms)
			SetLoadedEditorAssemblies (7ms)
			BeforeProcessingInitializeOnLoad (310ms)
			ProcessInitializeOnLoadAttributes (576ms)
			ProcessInitializeOnLoadMethodAttributes (121ms)
			AfterProcessingInitializeOnLoad (3ms)
			EditorAssembliesLoaded (0ms)
		ExecutionOrderSort2 (0ms)
		AwakeInstancesAfterBackupRestoration (22ms)
Refreshing native plugins compatible for Editor in 4.01 ms, found 5 plugins.
Preloading 0 native plugins for Editor in 0.00 ms.
Unloading 16 Unused Serialized files (Serialized files now loaded: 0)
Unloading 7274 unused Assets / (4.5 MB). Loaded Objects now: 8113.
Memory consumption went from 159.0 MB to 154.6 MB.
Total: 10.732300 ms (FindLiveObjects: 1.000400 ms CreateObjectMapping: 0.642800 ms MarkObjects: 6.614600 ms  DeleteObjects: 2.471300 ms)

Prepare: number of updated asset objects reloaded= 0
========================================================================
Received Prepare
Begin MonoManager ReloadAssembly
- Loaded All Assemblies, in  1.182 seconds
Refreshing native plugins compatible for Editor in 4.11 ms, found 5 plugins.
Assertion failed on expression: 'pred(*previous, *i)'
Assertion failed on expression: 'pred(*previous, *i)'
Assertion failed on expression: 'pred(*previous, *i)'
Assertion failed on expression: 'pred(*previous, *i)'
Assertion failed on expression: 'pred(*previous, *i)'
Assertion failed on expression: 'pred(*previous, *i)'
Assertion failed on expression: 'pred(*previous, *i)'
Assertion failed on expression: 'pred(*previous, *i)'
Assertion failed on expression: 'pred(*previous, *i)'
Native extension for Android target not found
Native extension for WindowsStandalone target not found
Native extension for WebGL target not found
[Package Manager] Failed to launch server process. Reason: Unity was launched with the -noUpm command-line argument
[Package Manager] Unable to send message (not connected to server process).
[Package Manager] Cannot connect to Unity Package Manager local server
[Package Manager] Failed to launch server process. Reason: Unity was launched with the -noUpm command-line argument
[Package Manager] Unable to send message (not connected to server process).
[Package Manager] Cannot connect to Unity Package Manager local server
ScheduleIndexationOnStartup MainProcess:False IndexOnStartup:True
Mono: successfully reloaded assembly
- Finished resetting the current domain, in  1.248 seconds
Domain Reload Profiling: 2433ms
	BeginReloadAssembly (279ms)
		ExecutionOrderSort (0ms)
		DisableScriptedObjects (20ms)
		BackupInstance (0ms)
		ReleaseScriptingObjects (0ms)
		CreateAndSetChildDomain (55ms)
	RebuildCommonClasses (47ms)
	RebuildNativeTypeToScriptingClass (20ms)
	initialDomainReloadingComplete (36ms)
	LoadAllAssembliesAndSetupDomain (802ms)
		LoadAssemblies (609ms)
		RebuildTransferFunctionScriptingTraits (0ms)
		AnalyzeDomain (328ms)
			TypeCache.Refresh (12ms)
				TypeCache.ScanAssembly (0ms)
			BuildScriptInfoCaches (295ms)
			ResolveRequiredComponents (16ms)
	FinalizeReload (1249ms)
		ReleaseScriptCaches (0ms)
		RebuildScriptCaches (0ms)
		SetupLoadedEditorAssemblies (1014ms)
			LogAssemblyErrors (0ms)
			InitializePlatformSupportModulesInManaged (12ms)
			SetLoadedEditorAssemblies (7ms)
			BeforeProcessingInitializeOnLoad (314ms)
			ProcessInitializeOnLoadAttributes (556ms)
			ProcessInitializeOnLoadMethodAttributes (122ms)
			AfterProcessingInitializeOnLoad (3ms)
			EditorAssembliesLoaded (0ms)
		ExecutionOrderSort2 (0ms)
		AwakeInstancesAfterBackupRestoration (22ms)
Refreshing native plugins compatible for Editor in 3.93 ms, found 5 plugins.
Preloading 0 native plugins for Editor in 0.00 ms.
Unloading 16 Unused Serialized files (Serialized files now loaded: 0)
Unloading 7274 unused Assets / (4.3 MB). Loaded Objects now: 8116.
Memory consumption went from 159.1 MB to 154.8 MB.
Total: 10.098000 ms (FindLiveObjects: 0.984000 ms CreateObjectMapping: 0.527600 ms MarkObjects: 6.133900 ms  DeleteObjects: 2.451300 ms)

Prepare: number of updated asset objects reloaded= 0
========================================================================
Received Prepare
Begin MonoManager ReloadAssembly
[Licensing::Client] Successfully resolved entitlement details
[Licensing::Module] License group:
  Id: F4-FDX7-899P-3D7X-9PB8-XXXX
  Product: Unity Personal
  Type: ULF
  Expiration: Unlimited
[Licensing::Module] License group:
  Id: 7972062332293-UnityPersXXXX
  Product: Unity Personal
  Type: Assigned
  Expiration: Unlimited
- Loaded All Assemblies, in  1.228 seconds
Refreshing native plugins compatible for Editor in 3.64 ms, found 5 plugins.
Assertion failed on expression: 'pred(*previous, *i)'
Assertion failed on expression: 'pred(*previous, *i)'
Assertion failed on expression: 'pred(*previous, *i)'
Assertion failed on expression: 'pred(*previous, *i)'
Assertion failed on expression: 'pred(*previous, *i)'
Assertion failed on expression: 'pred(*previous, *i)'
Assertion failed on expression: 'pred(*previous, *i)'
Assertion failed on expression: 'pred(*previous, *i)'
Assertion failed on expression: 'pred(*previous, *i)'
Native extension for Android target not found
Native extension for WindowsStandalone target not found
Native extension for WebGL target not found
[Package Manager] Failed to launch server process. Reason: Unity was launched with the -noUpm command-line argument
[Package Manager] Unable to send message (not connected to server process).
[Package Manager] Cannot connect to Unity Package Manager local server
[Package Manager] Failed to launch server process. Reason: Unity was launched with the -noUpm command-line argument
[Package Manager] Unable to send message (not connected to server process).
[Package Manager] Cannot connect to Unity Package Manager local server
ScheduleIndexationOnStartup MainProcess:False IndexOnStartup:True
Mono: successfully reloaded assembly
- Finished resetting the current domain, in  1.244 seconds
Domain Reload Profiling: 2476ms
	BeginReloadAssembly (281ms)
		ExecutionOrderSort (0ms)
		DisableScriptedObjects (22ms)
		BackupInstance (0ms)
		ReleaseScriptingObjects (0ms)
		CreateAndSetChildDomain (53ms)
	RebuildCommonClasses (76ms)
	RebuildNativeTypeToScriptingClass (20ms)
	initialDomainReloadingComplete (37ms)
	LoadAllAssembliesAndSetupDomain (818ms)
		LoadAssemblies (624ms)
		RebuildTransferFunctionScriptingTraits (0ms)
		AnalyzeDomain (327ms)
			TypeCache.Refresh (11ms)
				TypeCache.ScanAssembly (0ms)
			BuildScriptInfoCaches (294ms)
			ResolveRequiredComponents (16ms)
	FinalizeReload (1245ms)
		ReleaseScriptCaches (0ms)
		RebuildScriptCaches (0ms)
		SetupLoadedEditorAssemblies (1011ms)
			LogAssemblyErrors (0ms)
			InitializePlatformSupportModulesInManaged (12ms)
			SetLoadedEditorAssemblies (7ms)
			BeforeProcessingInitializeOnLoad (312ms)
			ProcessInitializeOnLoadAttributes (557ms)
			ProcessInitializeOnLoadMethodAttributes (119ms)
			AfterProcessingInitializeOnLoad (3ms)
			EditorAssembliesLoaded (0ms)
		ExecutionOrderSort2 (0ms)
		AwakeInstancesAfterBackupRestoration (22ms)
Refreshing native plugins compatible for Editor in 3.63 ms, found 5 plugins.
Preloading 0 native plugins for Editor in 0.00 ms.
Unloading 16 Unused Serialized files (Serialized files now loaded: 0)
Unloading 7274 unused Assets / (4.4 MB). Loaded Objects now: 8119.
Memory consumption went from 159.1 MB to 154.7 MB.
Total: 10.097800 ms (FindLiveObjects: 0.992900 ms CreateObjectMapping: 0.537700 ms MarkObjects: 6.161900 ms  DeleteObjects: 2.403700 ms)

Prepare: number of updated asset objects reloaded= 0
========================================================================
Received Prepare
Begin MonoManager ReloadAssembly
- Loaded All Assemblies, in  1.204 seconds
Refreshing native plugins compatible for Editor in 4.08 ms, found 5 plugins.
Assertion failed on expression: 'pred(*previous, *i)'
Assertion failed on expression: 'pred(*previous, *i)'
Assertion failed on expression: 'pred(*previous, *i)'
Assertion failed on expression: 'pred(*previous, *i)'
Assertion failed on expression: 'pred(*previous, *i)'
Assertion failed on expression: 'pred(*previous, *i)'
Assertion failed on expression: 'pred(*previous, *i)'
Assertion failed on expression: 'pred(*previous, *i)'
Assertion failed on expression: 'pred(*previous, *i)'
Native extension for Android target not found
Native extension for WindowsStandalone target not found
Native extension for WebGL target not found
[Package Manager] Failed to launch server process. Reason: Unity was launched with the -noUpm command-line argument
[Package Manager] Unable to send message (not connected to server process).
[Package Manager] Cannot connect to Unity Package Manager local server
[Package Manager] Failed to launch server process. Reason: Unity was launched with the -noUpm command-line argument
[Package Manager] Unable to send message (not connected to server process).
[Package Manager] Cannot connect to Unity Package Manager local server
ScheduleIndexationOnStartup MainProcess:False IndexOnStartup:True
Mono: successfully reloaded assembly
- Finished resetting the current domain, in  1.241 seconds
Domain Reload Profiling: 2447ms
	BeginReloadAssembly (290ms)
		ExecutionOrderSort (0ms)
		DisableScriptedObjects (21ms)
		BackupInstance (0ms)
		ReleaseScriptingObjects (0ms)
		CreateAndSetChildDomain (56ms)
	RebuildCommonClasses (47ms)
	RebuildNativeTypeToScriptingClass (20ms)
	initialDomainReloadingComplete (37ms)
	LoadAllAssembliesAndSetupDomain (811ms)
		LoadAssemblies (629ms)
		RebuildTransferFunctionScriptingTraits (0ms)
		AnalyzeDomain (328ms)
			TypeCache.Refresh (11ms)
				TypeCache.ScanAssembly (0ms)
			BuildScriptInfoCaches (295ms)
			ResolveRequiredComponents (16ms)
	FinalizeReload (1242ms)
		ReleaseScriptCaches (0ms)
		RebuildScriptCaches (0ms)
		SetupLoadedEditorAssemblies (1011ms)
			LogAssemblyErrors (0ms)
			InitializePlatformSupportModulesInManaged (12ms)
			SetLoadedEditorAssemblies (7ms)
			BeforeProcessingInitializeOnLoad (310ms)
			ProcessInitializeOnLoadAttributes (554ms)
			ProcessInitializeOnLoadMethodAttributes (125ms)
			AfterProcessingInitializeOnLoad (3ms)
			EditorAssembliesLoaded (0ms)
		ExecutionOrderSort2 (0ms)
		AwakeInstancesAfterBackupRestoration (22ms)
Refreshing native plugins compatible for Editor in 3.60 ms, found 5 plugins.
Preloading 0 native plugins for Editor in 0.00 ms.
Unloading 16 Unused Serialized files (Serialized files now loaded: 0)
Unloading 7274 unused Assets / (4.3 MB). Loaded Objects now: 8122.
Memory consumption went from 159.2 MB to 154.9 MB.
Total: 11.035100 ms (FindLiveObjects: 1.060200 ms CreateObjectMapping: 0.834800 ms MarkObjects: 6.558600 ms  DeleteObjects: 2.580100 ms)

Prepare: number of updated asset objects reloaded= 0
========================================================================
Received Prepare
Begin MonoManager ReloadAssembly
[Licensing::Client] Successfully resolved entitlement details
[Licensing::Module] License group:
  Id: F4-FDX7-899P-3D7X-9PB8-XXXX
  Product: Unity Personal
  Type: ULF
  Expiration: Unlimited
[Licensing::Module] License group:
  Id: 7972062332293-UnityPersXXXX
  Product: Unity Personal
  Type: Assigned
  Expiration: Unlimited
- Loaded All Assemblies, in  1.281 seconds
Refreshing native plugins compatible for Editor in 3.63 ms, found 5 plugins.
Assertion failed on expression: 'pred(*previous, *i)'
Assertion failed on expression: 'pred(*previous, *i)'
Assertion failed on expression: 'pred(*previous, *i)'
Assertion failed on expression: 'pred(*previous, *i)'
Assertion failed on expression: 'pred(*previous, *i)'
Assertion failed on expression: 'pred(*previous, *i)'
Assertion failed on expression: 'pred(*previous, *i)'
Assertion failed on expression: 'pred(*previous, *i)'
Assertion failed on expression: 'pred(*previous, *i)'
Native extension for Android target not found
Native extension for WindowsStandalone target not found
Native extension for WebGL target not found
[Package Manager] Failed to launch server process. Reason: Unity was launched with the -noUpm command-line argument
[Package Manager] Unable to send message (not connected to server process).
[Package Manager] Cannot connect to Unity Package Manager local server
[Package Manager] Failed to launch server process. Reason: Unity was launched with the -noUpm command-line argument
[Package Manager] Unable to send message (not connected to server process).
[Package Manager] Cannot connect to Unity Package Manager local server
ScheduleIndexationOnStartup MainProcess:False IndexOnStartup:True
Mono: successfully reloaded assembly
- Finished resetting the current domain, in  1.226 seconds
Domain Reload Profiling: 2510ms
	BeginReloadAssembly (284ms)
		ExecutionOrderSort (0ms)
		DisableScriptedObjects (21ms)
		BackupInstance (0ms)
		ReleaseScriptingObjects (0ms)
		CreateAndSetChildDomain (54ms)
	RebuildCommonClasses (46ms)
	RebuildNativeTypeToScriptingClass (19ms)
	initialDomainReloadingComplete (37ms)
	LoadAllAssembliesAndSetupDomain (897ms)
		LoadAssemblies (701ms)
		RebuildTransferFunctionScriptingTraits (0ms)
		AnalyzeDomain (334ms)
			TypeCache.Refresh (18ms)
				TypeCache.ScanAssembly (2ms)
			BuildScriptInfoCaches (294ms)
			ResolveRequiredComponents (15ms)
	FinalizeReload (1226ms)
		ReleaseScriptCaches (0ms)
		RebuildScriptCaches (0ms)
		SetupLoadedEditorAssemblies (1004ms)
			LogAssemblyErrors (0ms)
			InitializePlatformSupportModulesInManaged (12ms)
			SetLoadedEditorAssemblies (7ms)
			BeforeProcessingInitializeOnLoad (311ms)
			ProcessInitializeOnLoadAttributes (550ms)
			ProcessInitializeOnLoadMethodAttributes (120ms)
			AfterProcessingInitializeOnLoad (3ms)
			EditorAssembliesLoaded (0ms)
		ExecutionOrderSort2 (0ms)
		AwakeInstancesAfterBackupRestoration (22ms)
Refreshing native plugins compatible for Editor in 3.61 ms, found 5 plugins.
Preloading 0 native plugins for Editor in 0.00 ms.
Unloading 16 Unused Serialized files (Serialized files now loaded: 0)
Unloading 7275 unused Assets / (4.3 MB). Loaded Objects now: 8126.
Memory consumption went from 159.2 MB to 154.9 MB.
Total: 10.043700 ms (FindLiveObjects: 0.963600 ms CreateObjectMapping: 0.526000 ms MarkObjects: 6.078400 ms  DeleteObjects: 2.473900 ms)

Prepare: number of updated asset objects reloaded= 0
========================================================================
Received Prepare
Begin MonoManager ReloadAssembly
- Loaded All Assemblies, in  1.185 seconds
Refreshing native plugins compatible for Editor in 3.77 ms, found 5 plugins.
Assertion failed on expression: 'pred(*previous, *i)'
Assertion failed on expression: 'pred(*previous, *i)'
Assertion failed on expression: 'pred(*previous, *i)'
Assertion failed on expression: 'pred(*previous, *i)'
Assertion failed on expression: 'pred(*previous, *i)'
Assertion failed on expression: 'pred(*previous, *i)'
Assertion failed on expression: 'pred(*previous, *i)'
Assertion failed on expression: 'pred(*previous, *i)'
Assertion failed on expression: 'pred(*previous, *i)'
Native extension for Android target not found
Native extension for WindowsStandalone target not found
Native extension for WebGL target not found
[Package Manager] Failed to launch server process. Reason: Unity was launched with the -noUpm command-line argument
[Package Manager] Unable to send message (not connected to server process).
[Package Manager] Cannot connect to Unity Package Manager local server
[Package Manager] Failed to launch server process. Reason: Unity was launched with the -noUpm command-line argument
[Package Manager] Unable to send message (not connected to server process).
[Package Manager] Cannot connect to Unity Package Manager local server
ScheduleIndexationOnStartup MainProcess:False IndexOnStartup:True
Mono: successfully reloaded assembly
- Finished resetting the current domain, in  1.273 seconds
Domain Reload Profiling: 2462ms
	BeginReloadAssembly (290ms)
		ExecutionOrderSort (0ms)
		DisableScriptedObjects (20ms)
		BackupInstance (0ms)
		ReleaseScriptingObjects (0ms)
		CreateAndSetChildDomain (59ms)
	RebuildCommonClasses (47ms)
	RebuildNativeTypeToScriptingClass (20ms)
	initialDomainReloadingComplete (37ms)
	LoadAllAssembliesAndSetupDomain (793ms)
		LoadAssemblies (610ms)
		RebuildTransferFunctionScriptingTraits (0ms)
		AnalyzeDomain (326ms)
			TypeCache.Refresh (11ms)
				TypeCache.ScanAssembly (0ms)
			BuildScriptInfoCaches (293ms)
			ResolveRequiredComponents (16ms)
	FinalizeReload (1274ms)
		ReleaseScriptCaches (0ms)
		RebuildScriptCaches (0ms)
		SetupLoadedEditorAssemblies (1041ms)
			LogAssemblyErrors (0ms)
			InitializePlatformSupportModulesInManaged (12ms)
			SetLoadedEditorAssemblies (7ms)
			BeforeProcessingInitializeOnLoad (316ms)
			ProcessInitializeOnLoadAttributes (578ms)
			ProcessInitializeOnLoadMethodAttributes (124ms)
			AfterProcessingInitializeOnLoad (3ms)
			EditorAssembliesLoaded (0ms)
		ExecutionOrderSort2 (0ms)
		AwakeInstancesAfterBackupRestoration (23ms)
Refreshing native plugins compatible for Editor in 4.65 ms, found 5 plugins.
Preloading 0 native plugins for Editor in 0.00 ms.
Unloading 16 Unused Serialized files (Serialized files now loaded: 0)
Unloading 7275 unused Assets / (2.3 MB). Loaded Objects now: 8129.
Memory consumption went from 159.2 MB to 157.0 MB.
Total: 11.673900 ms (FindLiveObjects: 1.072000 ms CreateObjectMapping: 0.852500 ms MarkObjects: 7.191300 ms  DeleteObjects: 2.556600 ms)

Prepare: number of updated asset objects reloaded= 0
========================================================================
Received Import Request.
  Time since last request: 10929.352631 seconds.
  path: Assets/_Project/Scripts/UI/MainMenuUI.cs
  artifactKey: Guid(fb1e4a7607434e4c9afe7d111e4ce331) Importer(2089858483,b0f066a214c2f5e87bad3c948f4d605d)
Start importing Assets/_Project/Scripts/UI/MainMenuUI.cs using Guid(fb1e4a7607434e4c9afe7d111e4ce331) Importer(2089858483,b0f066a214c2f5e87bad3c948f4d605d) (ScriptedImporter) -> (artifact id: '99b9bd7b4b961a8eaa84071e7a60c06c') in 0.5772576 seconds
Number of updated asset objects reloaded before import = 0Number of asset objects unloaded after import = 0

========================================================================
Received Import Request.
  Time since last request: 0.000024 seconds.
  path: Assets/_Project/Scenes/Game.unity
  artifactKey: Guid(1a1bf560bde45b04b87733b04905133f) Importer(2089858483,b0f066a214c2f5e87bad3c948f4d605d)
Start importing Assets/_Project/Scenes/Game.unity using Guid(1a1bf560bde45b04b87733b04905133f) Importer(2089858483,b0f066a214c2f5e87bad3c948f4d605d) (ScriptedImporter) -> (artifact id: '26a2e6e69e3c1617f77ef872481f9b94') in 0.0277053 seconds
Number of updated asset objects reloaded before import = 0Number of asset objects unloaded after import = 1

========================================================================
Received Import Request.
  Time since last request: 0.000031 seconds.
  path: Assets/_Project/Scenes/MainMenu.unity
  artifactKey: Guid(4a7a818a9b0c62848b9cf3a82fdff615) Importer(2089858483,b0f066a214c2f5e87bad3c948f4d605d)
Start importing Assets/_Project/Scenes/MainMenu.unity using Guid(4a7a818a9b0c62848b9cf3a82fdff615) Importer(2089858483,b0f066a214c2f5e87bad3c948f4d605d) (ScriptedImporter) -> (artifact id: '2fd81e2d95949f094692f7774dd2e781') in 0.0400061 seconds
Number of updated asset objects reloaded before import = 0Number of asset objects unloaded after import = 1

========================================================================
Received Import Request.
  Time since last request: 0.000019 seconds.
  path: Assets/_Project/Scripts/Player/PlayerController.cs
  artifactKey: Guid(2f4ed8d0cc2249268163fe01b313526e) Importer(2089858483,b0f066a214c2f5e87bad3c948f4d605d)
Start importing Assets/_Project/Scripts/Player/PlayerController.cs using Guid(2f4ed8d0cc2249268163fe01b313526e) Importer(2089858483,b0f066a214c2f5e87bad3c948f4d605d) (ScriptedImporter) -> (artifact id: 'f7b5b37fbb076daf70ff5497c09f5fb0') in 0.0243729 seconds
Number of updated asset objects reloaded before import = 0Number of asset objects unloaded after import = 0

========================================================================
Received Import Request.
  Time since last request: 0.000022 seconds.
  path: Assets/_Project/Scripts/UI/MobileJumpButton.cs
  artifactKey: Guid(d6664f59624d4b53a1a14f7d1d1c16fb) Importer(2089858483,b0f066a214c2f5e87bad3c948f4d605d)
Start importing Assets/_Project/Scripts/UI/MobileJumpButton.cs using Guid(d6664f59624d4b53a1a14f7d1d1c16fb) Importer(2089858483,b0f066a214c2f5e87bad3c948f4d605d) (ScriptedImporter) -> (artifact id: '333e0363af81e4eb4a1f85b42b397964') in 0.0131927 seconds
Number of updated asset objects reloaded before import = 0Number of asset objects unloaded after import = 0

========================================================================
Received Import Request.
  Time since last request: 0.000027 seconds.
  path: Assets/_Project/Scripts/Player/SpriteFrameAnimator.cs
  artifactKey: Guid(42a7963cd96f42718896ffcd4d9f25a2) Importer(2089858483,b0f066a214c2f5e87bad3c948f4d605d)
Start importing Assets/_Project/Scripts/Player/SpriteFrameAnimator.cs using Guid(42a7963cd96f42718896ffcd4d9f25a2) Importer(2089858483,b0f066a214c2f5e87bad3c948f4d605d) (ScriptedImporter) -> (artifact id: 'c97a0c110252acbd06a8326270cc29a6') in 0.0518464 seconds
Number of updated asset objects reloaded before import = 0Number of asset objects unloaded after import = 0

========================================================================
Received Import Request.
  Time since last request: 0.000019 seconds.
  path: Assets/_Project/Scripts/Editor
  artifactKey: Guid(d43e9aa9e89146e9bef8b329c526cf1c) Importer(2089858483,b0f066a214c2f5e87bad3c948f4d605d)
Start importing Assets/_Project/Scripts/Editor using Guid(d43e9aa9e89146e9bef8b329c526cf1c) Importer(2089858483,b0f066a214c2f5e87bad3c948f4d605d) (ScriptedImporter) -> (artifact id: 'fbdefce3ae58425c1973139326ae54ea') in 0.0256654 seconds
Number of updated asset objects reloaded before import = 0Number of asset objects unloaded after import = 1

========================================================================
Received Import Request.
  Time since last request: 0.000028 seconds.
  path: Assets/_Project/Art/Animations/Player/Player_Idle.anim
  artifactKey: Guid(a8f78a3edb9387a44a95e930bcba6f3e) Importer(2089858483,b0f066a214c2f5e87bad3c948f4d605d)
Start importing Assets/_Project/Art/Animations/Player/Player_Idle.anim using Guid(a8f78a3edb9387a44a95e930bcba6f3e) Importer(2089858483,b0f066a214c2f5e87bad3c948f4d605d) (ScriptedImporter) -> (artifact id: 'b4cac9e0368ac29f24de5b7edbc84f1f') in 0.0851202 seconds
Number of updated asset objects reloaded before import = 0Number of asset objects unloaded after import = 1

========================================================================
Received Import Request.
  Time since last request: 0.000030 seconds.
  path: Assets/_Project/Scripts/Core/GameState.cs
  artifactKey: Guid(8d2e9e5f9e2f4ac0bb6172822f6676a5) Importer(2089858483,b0f066a214c2f5e87bad3c948f4d605d)
Start importing Assets/_Project/Scripts/Core/GameState.cs using Guid(8d2e9e5f9e2f4ac0bb6172822f6676a5) Importer(2089858483,b0f066a214c2f5e87bad3c948f4d605d) (ScriptedImporter) -> (artifact id: 'ae70e2f8f8dfef0529748f4aa489cbb1') in 0.0250343 seconds
Number of updated asset objects reloaded before import = 0Number of asset objects unloaded after import = 0

========================================================================
Received Import Request.
  Time since last request: 0.000025 seconds.
  path: Assets/_Project/Scripts/Core/GameManager.cs
  artifactKey: Guid(71346b9a577a4268b01795c3f7731764) Importer(2089858483,b0f066a214c2f5e87bad3c948f4d605d)
Start importing Assets/_Project/Scripts/Core/GameManager.cs using Guid(71346b9a577a4268b01795c3f7731764) Importer(2089858483,b0f066a214c2f5e87bad3c948f4d605d) (ScriptedImporter) -> (artifact id: '1fde00a707386dc5762dcce2d9a167b3') in 0.0123174 seconds
Number of updated asset objects reloaded before import = 0Number of asset objects unloaded after import = 0

========================================================================
Received Import Request.
  Time since last request: 26.833681 seconds.
  path: Assets/_Project/MenuAssets/VILLAGE.png
  artifactKey: Guid(9f414c87661e6554b9b4a8c29f270032) Importer(815301076,1909f56bfc062723c751e8b465ee728b)
Start importing Assets/_Project/MenuAssets/VILLAGE.png using Guid(9f414c87661e6554b9b4a8c29f270032) Importer(815301076,1909f56bfc062723c751e8b465ee728b) (PreviewImporter) -> (artifact id: '3802abaa8b0b2de5a6b5bc16c25110f8') in 0.1830445 seconds
Number of updated asset objects reloaded before import = 0Number of asset objects unloaded after import = 9

========================================================================
Received Import Request.
  Time since last request: 0.811233 seconds.
  path: Assets/_Project/MenuAssets/VILLAGE.png
  artifactKey: Guid(9f414c87661e6554b9b4a8c29f270032) Importer(2089858483,b0f066a214c2f5e87bad3c948f4d605d)
Start importing Assets/_Project/MenuAssets/VILLAGE.png using Guid(9f414c87661e6554b9b4a8c29f270032) Importer(2089858483,b0f066a214c2f5e87bad3c948f4d605d) (ScriptedImporter) -> (artifact id: '3decfb0d9885dc9f3c09f4625e0ce23a') in 0.1071449 seconds
Number of updated asset objects reloaded before import = 0Number of asset objects unloaded after import = 9

Editor requested this worker to shutdown with reason: Scaling down because of idle timeout
AssetImportWorkerClient::OnTransportError - code=2 error=End of file
AssetImportWorker is now disconnected from the server
Process exiting
Exiting without the bug reporter. Application will terminate with return code 0